<Page id="m04_f08">

	<pageText>
		<text id = "1" data = ""><![CDATA[This concludes the <B>Additional Subject Information</B> module.]]></text>
		<text id = "2" data = ""><![CDATA[In this module, you learned to:]]></text>
		<text id = "3" data = ""><![CDATA[Identify queries]]></text>
		<text id = "4" data = ""><![CDATA[View protocol deviations]]></text>
		<text id = "5" data = ""><![CDATA[View electronic signatures]]></text>
		<text id = "6" data = ""><![CDATA[Use an audit trail]]></text>
		
	
	</pageText>
</Page>