<Page id="m04_f07">

	<pageText>
		<text id = "1" data = ""><![CDATA[Now it's your turn. You have three attempts to complete this assessment.]]></text>
		<text id = "2" data = ""><![CDATA[Navigate to the "Study Medication Dose at Day 1" form. This form is located in the Day 1 folder.]]></text>
		<text id = "3" data = ""><![CDATA[View the audit trail for the Dose field on the "Study Medication Dose at Day 1" form.]]></text>
		<text id = "4" data = ""><![CDATA[Once you have viewed the audit trail, return to the <br>"Study Medication Dose at Day 1" form.]]></text>		
		<text id = "5" data = ""><![CDATA[<b>Clickable Elements:</b>]]></text>
		<text id = "6" data = ""><![CDATA[Day 1 folder (from subject calendar or sidebar)]]></text>
		<text id = "7" data = ""><![CDATA[Study Medication Dose at Day 1 form (from the Subject Matrix or the CRF History)]]></text>
		<text id = "8" data = ""><![CDATA[Status Icon next to Dose field]]></text>
		<text id = "9" data = ""><![CDATA[Study Medication Dose at Day 1 form (from the tab or the CRF History)]]></text>
		<text id = "10" data = ""><![CDATA[Study Medication Dose at Day 1 form link in matrix]]></text>
		<text id = "11" data = ""><![CDATA[Click <b>Start</b> to begin.]]></text>
		<text id = "12" data = ""><![CDATA[Please close the feedback window to continue.]]></text>
		<text id = "13" data = ""><![CDATA[That's correct. You have completed the practice exercise successfully.<br><br>Click <B>Repeat</B> to attempt the practice again.<br>Click <B>Continue</B> to proceed to the next frame/page.]]></text>
		<text id = "14" data = "step 1"><![CDATA[Sorry, that's incorrect. Please click on the Day 1 folder in the sidebar. ]]></text>
		<text id = "15" data = ""><![CDATA[Sorry, that's incorrect. The Day 1 folder is located in the sidebar. You must access the folder in order to view its contents.]]></text>
		<text id = "16" data = ""><![CDATA[Sorry, that's incorrect. Please click <B>Continue</B> to go to the next step.]]></text>
		<text id = "17" data = "step 2"><![CDATA[Sorry, that's incorrect. Please click on the Study Medication Dose at Day 1 form in the sidebar.]]></text>
		<text id = "18" data = ""><![CDATA[Sorry, that's incorrect. The Study Medication Dose at Day 1 form is located in the sidebar. ]]></text>
		<text id = "19" data = ""><![CDATA[Sorry, that's incorrect. Please click on the status icon for the Dose field. ]]></text>
		<text id = "20" data = ""><![CDATA[Sorry, that's incorrect. The status icon is located to the right of the Dose field. The status icon is used to access the audit trail.]]></text>
		<text id = "21" data = ""><![CDATA[Sorry, that's incorrect. Please click on the Study Medication Dose at Day 1 navigation tab.]]></text>
		<text id = "22" data = ""><![CDATA[Sorry, that's incorrect. The Study Medication Dose at Day1 navigation tab is located at the top of the screen.  ]]></text>
		<text id = "23" data = ""><![CDATA[Tasks]]></text>
		<text id = "24" data = ""><![CDATA[Navigate to the "Study Medication Dose at Day 1" form. This form is located in the Day 1 folder.<br><br>View the audit trail for the Dose field on the "Study Medication Dose at Day 1" form.<br><br>Once you have viewed the audit trail, return to the "Study Medication Dose at Day 1" form.]]></text>

	</pageText>
</Page>