<Page id="m04_f02">

	<pageText>
		<text id = "6" data = ""><![CDATA[In this module, you will learn about the additional information that you need to understand in order to effectively view subject data in Rave.]]></text>
		<text id = "1" data = ""><![CDATA[After completing this module, you will be able to:]]></text>
		<text id = "2" data = ""><![CDATA[Identify queries]]></text>
		<text id = "3" data = ""><![CDATA[View protocol deviations]]></text>
		<text id = "4" data = ""><![CDATA[View electronic signatures]]></text>
		<text id = "5" data = ""><![CDATA[Use an audit trail]]></text>
		<text id = "6" data = ""><![CDATA[]]></text>
	
	</pageText>
</Page>