<Page id="m04_f03">

	<pageText>
		<text id = "1" data = ""><![CDATA[Queries are questions or issues that are raised within Rave for site staff to address.]]></text>
		<text id = "2" data = ""><![CDATA[There are two types of queries:]]></text>
		<text id = "3" data = ""><![CDATA[System queries appear if data is entered in a field that does not conform to a preconfigured rule, or if a required field is left blank.]]></text>
		<text id = "4" data = ""><![CDATA[System queries]]></text>
		<text id = "5" data = ""><![CDATA[Manual queries]]></text>
		<text id = "6" data = ""><![CDATA[]]></text>
	
	</pageText>
</Page>