<Page id="m03_f07">


	<pageText> 
		<text id = "1" data = ""><![CDATA[A log form is used when multiple records of data are collected on a single form. Each record on the form is entered in its own log line. Log forms are commonly used to collect Adverse Event or Medication data.]]></text>
		<text id = "2" data = ""><![CDATA[]]></text>
		<text id = "3" data = "note"><![CDATA[If there are multiple pages of log lines, page controls will be displayed below the log. Use these controls to view additional pages of log lines. The number of lines displayed per page is set in the My Profile area of Rave.]]></text>			
	
	</pageText>
</Page>