<Page id="m04_f05">

	<pageText>
		<text id = "1" data = ""><![CDATA[An Electronic Signature is employed by Rave as a replacement for the Investigator's physical signature on a paper Case Report Form (CRF). The Electronic Signature is captured to attest that data has been reviewed and deemed to be accurate by the Investigator.]]></text>
		<text id = "2" data = ""><![CDATA[The sponsor determines which folders and forms require Electronic Signature.]]></text>
		<text id = "3" data = ""><![CDATA[]]></text>
		<text id = "4" data = ""><![CDATA[]]></text>
		<text id = "5" data = ""><![CDATA[]]></text>
		<text id = "6" data = ""><![CDATA[]]></text>
	
	</pageText>
</Page>