<Page id="m03_f02">

	<pageText>
		<text id = "1" data = ""><![CDATA[In this module, you will learn about the various methods of data collection on Rave so that data can be easily located and viewed.]]></text>
		<text id = "1" data = ""><![CDATA[After completing this module, you will:]]></text>
		<text id = "2" data = ""><![CDATA[Describe the eCRF layout]]></text>
		<text id = "3" data = ""><![CDATA[Identify the data status icons]]></text>
		<text id = "4" data = ""><![CDATA[View landscape log forms]]></text>
		<text id = "5" data = ""><![CDATA[View portrait log forms]]></text>
		<text id = "6" data = ""><![CDATA[Access the Grid View]]></text>
		<text id = "7" data = ""><![CDATA[View CRF attachments]]></text>

		
	</pageText>
</Page>