<Page id="m17_f001">
	<pageTitle id =""><![CDATA[Summary]]></pageTitle>

   	<pageInstruction id = ""><![CDATA[Click <b>Next</b> to continue.]]></pageInstruction>

	<audioscript id =""><![CDATA[This concludes the <B>Navigation</B> module. In this module, you learned to change your password, view the Icon Key, navigate sections of the Rave Homepage, access sites and subjects for your study, and recognize types of timeouts.]]></audioscript>

	<pageTips id=""><![CDATA[<![CDATA[data]]></pageTips>

	<pageText>
		<text id = "1" data = ""><![CDATA[This concludes the <B>Navigation</B> module.]]></text>
		<text id = "2" data = ""><![CDATA[In this module, you learned to:]]></text>
		<text id = "3" data = ""><![CDATA[Change your password]]></text>
		<text id = "4" data = ""><![CDATA[View icons in the EDC module]]></text>
		<text id = "5" data = ""><![CDATA[Navigate sections of the Rave Homepage]]></text>
		<text id = "6" data = ""><![CDATA[Access sites and subjects for your study]]></text>
		<text id = "7" data = ""><![CDATA[Recognize types of timeouts]]></text>
				
		
	</pageText>
</Page>