<Page id="m03_f12">

	<pageText> 
		
		<text id = "1" data = ""><![CDATA[CRF Attachment fields in Rave contain links to files that were uploaded by site personnel or other Rave users. These uploaded files, for example, x-ray images, are associated with the specific subject for whom they were uploaded and are stored for subsequent viewing.]]></text>
		<text id = "2" data = ""><![CDATA[In order to view a CRF Attachment file, your computer must have the appropriate viewing application. For example, if the uploaded file is a jpeg image file, your computer must have an application that can display that type of file, like Internet Explorer.]]></text>
		<text id = "3" data = ""><![CDATA[]]></text>		

	</pageText>
</Page>