<Page id="m03_f04">
	<pageTitle id =""><![CDATA[Data Status Icon Definitions]]></pageTitle>

   	<pageInstruction id = ""><![CDATA[Click <b>Next</b> to continue.]]></pageInstruction>

	<audioscript id =""><![CDATA[The data entry form has the following icons:<br><br><b>Click each icon to learn more.</b><br><br>The 'Never Touched' icon indicates that data has not been entered or saved.<br><br>The 'Complete' icon indicates that data has been entered or saved.<br><br>The 'Non Conformant' icon indicates that invalid data has been entered. This data will also be highlighted when it is not conformant.<br><br>The 'Query Open' icon indicates that a query is open on the data. A field with a query will also be highlighted to indicate that the query needs to be addressed.<br><br>The 'Overdue' icon indicates fields that are overdue for data entry. These may no longer be available for data entry, depending on the study configuration.<br><br>Please Note: The sponsor will determine when data is overdue. They will also determine whether or not the field will become unavailable for entry after an extended period of time.<br><br>The 'Requires Verification' icon indicates that data requires Source Data Verification, or SDV.<br><br>The 'Requires Review' icon indicates that data is awaiting review.<br><br>The 'Entry Lock' or 'Frozen' icon indicates that the data cannot be edited, although queries, protocol deviations, or sticky notes may be applied to the data. Data may be Entry Locked by a user. Data may also be Entry Locked because the system is deriving the data or pulling it from an external source.<br><br>The 'Locked' icon indicates that data is hard-locked. Locked data cannot be edited, and users may not apply any queries, protocol deviations, or sticky notes to the data.<br><br>Please Note: Icons displayed are based on your role in the system. Icon definitions can also be found by clicking the Icon Key link on any page within the EDC module.]]></audioscript>

	<pageTips id=""><![CDATA[<![CDATA[data]]></pageTips>

	<pageText> 
		<text id = "0" data = ""><![CDATA[The data entry form has the following icons:]]></text>
		<text id = "1" data = ""><![CDATA[<font color="#800000"><b>Click each icon to learn more. </b></font>]]></text>
		<text id = "2" data = ""><![CDATA[Never Touched]]></text>
		<text id = "3" data = ""><![CDATA[Complete]]></text>
		<text id = "4" data = ""><![CDATA[Non Conformant]]></text>
		<text id = "5" data = ""><![CDATA[Query Open]]></text>
		<text id = "6" data = ""><![CDATA[Overdue]]></text>
		<text id = "7" data = ""><![CDATA[Requires Verification]]></text>
		<text id = "8" data = ""><![CDATA[Requires Review]]></text>
		<text id = "9" data = ""><![CDATA[Entry Lock/Frozen]]></text>
		<text id = "10" data = ""><![CDATA[Locked]]></text>
		<text id = "11" data = ""><![CDATA[]]></text>


		<text id = "12" data = ""><![CDATA[The 'Never Touched' icon indicates that data has not been entered or saved.]]></text>
		<text id = "13" data = ""><![CDATA[The 'Complete' icon indicates that data has been entered or saved.]]></text>
		<text id = "14" data = ""><![CDATA[The 'Non Conformant' icon indicates that invalid data has been entered. This data will also be highlighted when it is not conformant.]]></text>
		<text id = "15" data = ""><![CDATA[The 'Query Open' icon indicates that a query is open on the data. A field with a query will also be highlighted to indicate that the query needs to be addressed.]]></text>
		<text id = "16" data = ""><![CDATA[The 'Overdue' icon indicates fields that are overdue for data entry. These may no longer be available for data entry, depending on the study configuration.]]></text>
		<text id = "17" data = ""><![CDATA[The 'Requires Verification' icon indicates that data requires Source Data Verification, or SDV.]]></text>
		<text id = "18" data = ""><![CDATA[The 'Requires Review' icon indicates that data is awaiting review.]]></text>
		<text id = "19" data = ""><![CDATA[The 'Entry Lock' or 'Frozen' icon indicates that the data cannot be edited, although queries, protocol deviations, or sticky notes may be applied to the data. Data may be Entry Locked by a user. Data may also be Entry Locked because the system is deriving the data or pulling it from an external source.]]></text>
		<text id = "20" data = ""><![CDATA[The 'Locked' icon indicates that data is hard-locked. Locked data cannot be edited, and users may not apply any queries, protocol deviations, or sticky notes to the data.]]></text>
		<text id = "21" data = ""><![CDATA[The sponsor will determine when data is overdue. They will also determine whether or not the field will become unavailable for entry after an extended period of time.]]></text>
		<text id = "22" data = ""><![CDATA[Icons displayed are based on your role in the system. Icon definitions can also be found by clicking the <b>Icon Key</b> link on any page within the EDC module.]]></text>

		
		<text id = "25" data = ""><![CDATA[Click <b>Next</b> to continue.]]></text>
 		
		
		
	</pageText>
</Page>