﻿<Page id="m09_f001">

	<pageText>
		<text id = "1" data = ""><![CDATA[Now it's your turn. Match the sections of the Rave home page with their functions. To do so, drag and drop the section to their respective function.]]></text>
		<text id = "2" data = ""><![CDATA[Click <b>Check Answer</b> to finish. You have two attempts to complete this exercise. To retry, click <b>Reset</b>.]]></text>
		<text id = "3" data = ""><![CDATA[<b>Functions</b>]]></text>
		<text id = "4" data = ""><![CDATA[<b>Sections</b>]]></text>
		<text id = "5" data = ""><![CDATA[Enables you to locate a subset of studies, sites or subjects to be displayed]]></text>
		<text id = "6" data = ""><![CDATA[Links that are used to move through multiple pages of information]]></text>
		<text id = "7" data = ""><![CDATA[Displays a key of graphical icons]]></text>

		<text id = "8" data = ""><![CDATA[Pagination]]></text>
		<text id = "9" data = ""><![CDATA[Icon Key]]></text>
		<text id = "10" data = ""><![CDATA[Search box]]></text>

		<text id = "11Feed Correct" data = ""><![CDATA[That's correct. ]]></text>
		<text id = "12Feed 1st incorrect" data = ""><![CDATA[Sorry, that's incorrect. Please try again.]]></text>
		<text id = "13Feed 2nd Inorrect" data = ""><![CDATA[Sorry, that's incorrect. The correct answer is displayed. ]]></text>
		
		<text id = "14" data = ""><![CDATA[<b>Your Answer</b>]]></text>
		<text id = "15" data = ""><![CDATA[<b>Correct Answer</b>]]></text>


		
	</pageText>
</Page>