<Page id="m04_f04">

	<pageText>
		<text id = "1" data = ""><![CDATA[A Protocol Deviation is used when an event or timing differs from what is stated in the protocol of a study. For example, a subject misses a visit or a visit occurs late. A Protocol Deviation may appear in Rave when data entered differs from the data parameters stated in the protocol.]]></text>
		<text id = "2" data = ""><![CDATA[]]></text>
		<text id = "3" data = ""><![CDATA[]]></text>
		<text id = "4" data = ""><![CDATA[]]></text>
		<text id = "5" data = ""><![CDATA[]]></text>
		<text id = "6" data = ""><![CDATA[]]></text>
	
	</pageText>
</Page>