<Page id="m01_f012">
	

	<pageText>
		<text id = "1" data = ""><![CDATA[Rave uses an internal timer to monitor your activity using the system. A timeout occurs if you stop using Rave for a period of time. When this happens, the system will log you out. You must log in to re-enter Rave and continue working.]]></text>
		<text id = "2" data = ""><![CDATA[There are two types of timeouts:]]></text>
		<text id = "3" data = ""><![CDATA[Password]]></text>
		<text id = "4" data = ""><![CDATA[Interaction]]></text>
		<text id = "5" data = ""><![CDATA[The amount of time that triggers both of these timeouts is configurable and is determined by the study sponsor.]]></text>
		<text id = "6" data = ""><![CDATA[A password timeout occurs when you are logged into the system for a certain period of time, as specified by the sponsor. After this pre-defined period of time, you will be prompted to re-enter your password in order to continue working. Be sure to save your work regularly, as any data that is not submitted will be lost if a timeout occurs.]]></text>
		<text id = "7" data = ""><![CDATA[An interaction timeout occurs if you have entered data in the system, and have remained inactive for a set period of time. Any data entered or changes made during the last session, if not saved or submitted, will be lost. Unlike a password timeout, an interaction timeout will place you at the login page.]]></text>
		<text id = "8" data = ""><![CDATA[Enter your user name and password to login again. This will begin a new session and the Rave home page will appear.]]></text>		
	</pageText>
</Page>