<Page id="m13_f001">


	<pageText>
		<text id = "1" data = ""><![CDATA[Now it's your turn. You have three attempts to complete this assessment.]]></text>
		<text id = "2" data = ""><![CDATA[Please match the sections of the Subject page with their locations on the screen. To do so, click the sections at their respective locations.]]></text>
		<text id = "3" data = ""><![CDATA[The sections will be listed at the top left corner of the page.<br>You need to click the sections one by one as they are <br>highlighted in the list.]]></text>
		<text id = "4" data = ""><![CDATA[<b>Sections of Subject page:</b>]]></text>
		<text id = "5" data = ""><![CDATA[Subject Identifier]]></text>
		<text id = "6" data = ""><![CDATA[Subject Summary]]></text>
		<text id = "7" data = ""><![CDATA[Subject Matrix]]></text>
		<text id = "8" data = ""><![CDATA[Click <b>Start</b> to begin.]]></text>
		<text id = "9" data = "correct"><![CDATA[That's correct. You have completed the practice exercise successfully.<br><br>Click <B>Repeat</B> to attempt the practice again.<br>Click <B>Continue</B> to proceed to the next frame/page.]]></text>	
		<text id = "10" data = "1st incorrect"><![CDATA[You have clicked the wrong area. Please try again. ]]></text>
		<text id = "11" data = "2nd incorrect"><![CDATA[You have clicked the wrong area. Please click the highlighted area.]]></text>
		<text id = "12" data = "3rd incorrect"><![CDATA[You have clicked the wrong area. Please click <B>Continue</B> to go to the next step.]]></text>
		<text id = "13" data = ""><![CDATA[Please close the feedback window to continue.]]></text>

	</pageText>
</Page>