<Page id="m02_f006">


	
	<pageText>
		<text id = "1" data = ""><![CDATA[Now it's your turn. You have three attempts to complete this assessment. Please complete the steps required to change your password.]]></text>
		<text id = "2" data = ""><![CDATA[Use <b>password1</b> as your old password, and enter a new password of your choice.]]></text>
		<text id = "3" data = ""><![CDATA[Click <b>Start</b> to begin.]]></text>
		<text id = "4" data = ""><![CDATA[Click <b>Start</b> to begin.]]></text>
		<text id = "5" data = ""><![CDATA[Please close the feedback window to continue.]]></text>
		<text id = "6 Feedback for Step 1 and 2" data = "1st incorrect"><![CDATA[You have clicked the wrong area. Please try again.]]></text>
		<text id = "7" data = "2nd incorrect"><![CDATA[You have clicked the wrong area. Please click the highlighted area to proceed.]]></text>
		<text id = "8" data = "3rd incorrect"><![CDATA[You have clicked the wrong area. Please click <b>Continue</b> to go to the next step.]]></text>
		<text id = "9" data = "1st incorrect"><![CDATA[You have either entered the wrong information or clicked the wrong area. Please try again.]]></text>
		<text id = "10" data = "2nd incorrect"><![CDATA[You have either entered the wrong information or clicked the wrong area. <br><br>Please perform the following steps to proceed:<ul><li>Enter <b>password1</b> as the old password.</li><li>Enter a new password into both the new and confirm fields. </li><li>Click <b>Save Password and Continue</b>.</li></ul>]]></text>
		<text id = "11" data = ""><![CDATA[You have either entered the wrong information or clicked the wrong area. Please click <b>Continue</b> to proceed. ]]></text>	
		<text id = "12 Feedback for Step 4,5,6 and 7" data = "1st correct"><![CDATA[That's correct. You have completed the practice exercise successfully.<br><br>Click <B>Repeat</B> to attempt the practice again. <BR>Click <B>Continue</B> to proceed to the next frame/page.]]></text>
		<text id = "13" data = "Tip2"><![CDATA[Enter "password1" in the <b>Old Password</b> field and a new password in the remaining fields. ]]></text>
		<text id = "14" data = "Tip"><![CDATA[hh]]></text>

		<text id = "15" data = "Tip"><![CDATA[Please complete the steps required to change your password.<br><br>Use <b>password1</b> as your old password, and enter a new password of your choice.]]></text>

	</pageText>
</Page>