<Page id="m08_f001">

	<pageText>
		<text id = "1" data = ""><![CDATA[When you log into Rave, you are brought directly to your Rave Homepage. What you see on the Homepage depends on what studies and sites you need to access.<br><br>If you have access to multiple studies, a list of studies is displayed on the Homepage. If you have access to a single study, that study automatically opens. The list of sites you have access to, is automatically displayed on the site selector page. If you only have access to a single site, the subjects in that site are automatically displayed.]]></text>
		<text id = "2" data = ""><![CDATA[The asterisk (*) symbol can be entered into text fields along with a search string, as a wildcard. For example, searching for T will return any values that contain the letter T. Searching for T* will return values that begin with the letter T. Searching for *T will return results that end with the letter T.]]></text>
		<text id = "3" data = ""><![CDATA[]]></text>
		<text id = "4" data = ""><![CDATA[]]></text>
		<text id = "5" data = ""><![CDATA[]]></text>
		<text id = "6" data = ""><![CDATA[]]></text>
	</pageText>
</Page>