<Page id="m10_f001">

	<pageText>
		<text id = "1" data = ""><![CDATA[Selecting a site is similar to selecting a study. Selecting a site allows the user to select a specific site just like a study can be selected.]]></text>
		<text id = "2" data = ""><![CDATA[If a user has access to a single study, the user's homepage displays all sites within that study to which the user has access. If a user has access only to a single study and a single site, the user's homepage displays all subjects within that site to which the user has access.]]></text>
		<text id = "3" data = ""><![CDATA[]]></text>
		
	</pageText>
</Page>