<Page id="m02_f002">

	<pageText>
		<text id = "1" data = ""><![CDATA[In this module, you will learn how to navigate within the Rave Electronic Data Capture, or EDC module. The EDC module is a component of Rave that is used for entering and managing clinical trial data in electronic Case Report Forms (eCRFs).<br><Br>It is important to note that some functionality in Rave is dependent upon how your study is configured, which is determined by the study sponsor.]]></text>
		<text id = "2" data = ""><![CDATA[After completing this module, you will be able to:]]></text>
		<text id = "3" data = ""><![CDATA[Change your password]]></text>
		<text id = "4" data = ""><![CDATA[View icons in the EDC module]]></text>
		<text id = "5" data = ""><![CDATA[Navigate sections of the Rave Homepage]]></text>
		<text id = "6" data = ""><![CDATA[Access sites and subjects for your study]]></text>
		<text id = "7" data = ""><![CDATA[Recognize types of timeouts]]></text>
		
	</pageText>
</Page>