<Page id="m03_f05">
	<pageTitle id =""><![CDATA[Assessment � Icons]]></pageTitle>

   	<pageInstruction id = ""><![CDATA[Click <b>Next</b> to continue.]]></pageInstruction>

	<audioscript id =""><![CDATA[Now it's your turn. Please match the data entry icons with their names. To do so, drag and drop the icons next to their respective descriptions.<br><br>Click <b>Check Answer</b> after you finish. You have two attempts to complete this exercise. To retry, click <b>Reset</b>. ]]></audioscript>

	<pageTips id=""><![CDATA[data]]></pageTips>

	<pageText> 
		<text id = "1" data = ""><![CDATA[Now it's your turn. Please match the data entry icons with their names. To do so, drag and drop the icons next to their respective descriptions.]]></text>
		<text id = "2" data = ""><![CDATA[Click <b>Check Answer</b> after you finish. You have two attempts to complete this exercise. To retry, click <b>Reset</b>.]]></text>

		<text id = "3" data = ""><![CDATA[<B>Icon name</B>]]></text>
		<text id = "4" data = ""><![CDATA[<B>Icon</B>]]></text>

		<text id = "5" data = ""><![CDATA[Overdue]]></text>
		<text id = "6" data = ""><![CDATA[Non Conformant ]]></text>
		<text id = "7" data = ""><![CDATA[Never Touched]]></text>
		<text id = "8" data = ""><![CDATA[Locked]]></text>
		<text id = "9" data = ""><![CDATA[Complete]]></text>
		<text id = "10" data = ""><![CDATA[Query Open]]></text>
		<text id = "11" data = ""><![CDATA[Entry Lock/Frozen]]></text>
		<text id = "12" data = ""><![CDATA[Requires Verification]]></text>
		<text id = "13" data = ""><![CDATA[Requires Review]]></text>

		<text id = "14" data = ""><![CDATA[<B>Your Answer</B>]]></text>
		<text id = "15" data = ""><![CDATA[<B>Correct Answer</B>]]></text>
		<text id = "16" data = ""><![CDATA[That's correct.]]></text>
		<text id = "17" data = ""><![CDATA[Sorry, that's incorrect. Please try again.]]></text>
		<text id = "18" data = ""><![CDATA[Sorry, that's incorrect. The correct answer is displayed.]]></text>
				
	</pageText>
</Page>