<Page id="m03_f11">

	<pageText> 
		
		<text id = "1" data = ""><![CDATA[The steps to access the Grid View to be shown through an animation, supported by audio.]]></text>
		<text id = "2" data = ""><![CDATA[The Grid View can only be accessed from the Subject Homepage. Click the Subject Identifier tab to navigate to the Subject Homepage.<br><br>To return to the calendar view (i.e. your default view) of the Subject Homepage, click the Calendar View link displayed above the grid.]]></text>
		<text id = "3" data = ""><![CDATA[Click <b>Next</b> to continue.]]></text>

	</pageText>
</Page>