<Page id="m04_f06">

	<pageText>
		<text id = "1" data = ""><![CDATA[All data entered into a subject and all changes made to subject data are tracked in the audit trail. To view a data point's audit trail, click the Data Status icon to the right of that data point. ]]></text>
		<text id = "2" data = ""><![CDATA[The audit trail lists all actions taken on a data point, including, but not limited to, the initial data entry, edits made to the data, queries or markings on the data, and signatures.]]></text>
		<text id = "3" data = ""><![CDATA[The audit trail details include the following:]]></text>
		<text id = "4" data = ""><![CDATA[The action that was performed on the data point]]></text>
		<text id = "5" data = ""><![CDATA[The User Name that performed the action]]></text>
		<text id = "6" data = ""><![CDATA[The time and date of the action]]></text>
		<text id = "7" data = ""><![CDATA[If applicable, the reason for a change that was made]]></text>
		<text id = "8" data = "note"><![CDATA[]]></text>
		<text id = "9" data = "note"><![CDATA[If a user does not have permission to view the audit trail, then the audit trail cannot be accessed at all. The audit trail will not be displayed by clicking on the Data Status icon.]]></text>
	
	</pageText>
</Page>