<Page id="m01_f004">

	<pageText>
		<text id = "1" data = ""><![CDATA[Thank you for taking the Medidata Rave eLearning. Good luck with the post assessment!]]></text>
		<text id = "2" data = ""><![CDATA[Once you have passed the assessment, don’t forget to:]]></text>
		<text id = "3" data = ""><![CDATA[Exit the eLearning course]]></text>
		<text id = "4" data = ""><![CDATA[Enter your Electronic Signature to complete the course]]></text>
		<text id = "5" data = ""><![CDATA[Print your Certificate of Completion (optional)]]></text>
		<text id = "6" data = ""><![CDATA[Have a great day!]]></text>

	</pageText>
</Page>