<Page id="pa_f001">


	<pageText>
		<text id = "1" data = ""><![CDATA[Now that you have viewed the training course, you must take and pass a short post assessment, or quiz.]]></text>
		<text id = "2" data = ""><![CDATA[Once you have successfully passed the post assessment, you must:]]></text>
		<text id = "3" data = ""><![CDATA[Exit out of the eLearning course]]></text>
		<text id = "4" data = ""><![CDATA[Enter your Electronic Signature to complete the course]]></text>
		<text id = "5" data = ""><![CDATA[Print your Certificate of Completion (optional)]]></text>
		<text id = "6" data = ""><![CDATA[]]></text>
	</pageText>
</Page>