<Page id="pa_f002">

	<pageText>
		<text id = "1" data = "note"><![CDATA[You may also see a short questionnaire at the top of the page; completing the questionnaire is optional. Entering your Electronic Signature is required in order to complete the eLearning course.]]></text>
		<text id = "2" data = ""><![CDATA[]]></text>
		<text id = "3" data = ""><![CDATA[]]></text>
		<text id = "4" data = ""><![CDATA[]]></text>
		<text id = "5" data = ""><![CDATA[]]></text>
		<text id = "6" data = ""><![CDATA[]]></text>
	</pageText>
</Page>