<?xml version="1.0"?>
<Assessment ID="Rave001" locale="En" globalRandomized="false" timeBased="false" timeAllowed="7200" firstReminder="3600" secondReminder="1800" thirdReminder="600" retakeAssessmentBtnDisplay="true" displayFeedback="false" showScore="true" showReview="true" canSkipQuestions="true" backNavigation="true" changeAnswerAllowed="true" instructionColor="#0033CC" displayPolicyAgreement="false" nextSteps="false" CheckAlreadyCompleted="false" allowAssessmentPause="false" displayScoreRanges="false" showRetakeAlert="true" retakeDuration="21600" skipAssessmentInstruction="true" showSessionTimeoutAlert="true">
  <instructionText>
    <assessmentTitle><![CDATA[Rave EDC Essentials for Read-Only Users]]></assessmentTitle>
    <Policy_Agreement><![CDATA[<b>Confirmation of Medidata Professional Certification and Confidentiality Agreement</b><br><br><dnt>[usersName]</dnt><br><br>Please acknowledge your acceptance and agreement with the <a href="http://www.mdsol.com/sites/default/files/documents/certification/terms_cert.pdf" target="_blank"><font color="#0000FF"><u>Medidata Professional Certification and Confidentiality Agreement</u></font></a> by checking the box below. In order to take this exam, you must agree with its terms and conditions.<br><br>I, <dnt>[usersName]</dnt>, acknowledge that clicking the "I Accept" checkbox below constitutes my acceptance of and agreement to the terms and conditions of the Medidata Professional Certification and Confidentiality Agreement.]]></Policy_Agreement>
    <Welcome_Instruction><![CDATA[Welcome to the post assessment for <b><dnt>[assessmentTitle]</dnt></b> course.<br><br>This assessment contains <dnt>[totalQuestions]</dnt> questions.<br><br>You must score <dnt>[passPercentage]</dnt>% to pass the assessment. Once you have successfully passed the assessment, you must enter your Electronic Signature to complete the course.<br><br>If you score less than <dnt>[passPercentage]</dnt>% you must retake the assessment.<br><br>Click <b>Start</b> to begin the assessment.<br><br>Good luck!]]></Welcome_Instruction>
    <Passing_Instruction><![CDATA[Congratulations <dnt>[usersName]</dnt>!<BR>You scored <dnt>[usersScoreRange]</dnt>%. Now please enter your Electronic Signature to complete the course.<br>]]></Passing_Instruction>
    <Fail_Instruction><![CDATA[You scored <dnt>[usersScoreRange]</dnt>%. You will need to take the assessment again and obtain a minimum score of <dnt>[passPercentage]</dnt>% to complete this course. Click on the Retake Assessment button below to restart the assessment.<br>]]></Fail_Instruction>
    <Review_Instruction><![CDATA[Click a question number displayed below to review your answers.]]></Review_Instruction>
    <Standalone_Instruction><![CDATA[End of Assessment, thanks for completing this exercise.]]></Standalone_Instruction>
    <Exit_Instruction><![CDATA[Click the <b>Exit</b> button to exit the assessment.]]></Exit_Instruction>
    <Question_Not_Attempted_Instruction><![CDATA[Question not attempted]]></Question_Not_Attempted_Instruction>
    <Alert_Time_Lapse><![CDATA[There is no time remaining, the exam has come to an end.]]></Alert_Time_Lapse>
    <Alert_First_Reminder><![CDATA[You have<b> <dnt>[firstReminder]</dnt></b> minutes remaining to complete your exam.]]></Alert_First_Reminder>
    <Alert_Second_Reminder><![CDATA[You have<b> <dnt>[secondReminder]</dnt></b> minutes remaining to complete your exam.]]></Alert_Second_Reminder>
    <Alert_Third_Reminder><![CDATA[You have<b> <dnt>[thirdReminder]</dnt></b> minutes remaining to complete your exam. ]]></Alert_Third_Reminder>
    <Alert_Skipped_Question><![CDATA[You have <dnt>[skippedQuestions]</dnt> unanswered question(s).<br><br>Click <b>Finish Assessment</b> to submit your answers or <b>Cancel</b> to review your answers.]]></Alert_Skipped_Question>
    <Alert_Finish_Assessment><![CDATA[You are about to finish the exam and submit your answers. Click <b>Finish Assessment</b> to submit your answers or <b>Cancel</b> to review your answers.]]></Alert_Finish_Assessment>
    <Alert_Jump_Question><![CDATA[Please enter a valid question number to jump to.]]></Alert_Jump_Question>
    <Alert_Previous_Button><![CDATA[You are at the first question in the assessment. Click Next Question to move forward.]]></Alert_Previous_Button>
    <Alert_CompletedCourseMessage><![CDATA[You have already completed the <dnt>[assessmentTitle]</dnt>. Click cancel to close this window.]]></Alert_CompletedCourseMessage>
    <Alert_AssessmentPause><![CDATA[You have paused this assessment. Click Resume to continue the assessment where you left off.]]></Alert_AssessmentPause>
    <Alert_DeclineTOU><![CDATA[You must accept the terms and conditions of the Medidata Professional Certification Program Agreement to continue. The course window will now close.]]></Alert_DeclineTOU>
    <Alert_SessionTimeout><![CDATA[Connection Error. Please check your Internet Connection and click Retry.]]></Alert_SessionTimeout>
    <Alert_SessionTimeoutSubmit><![CDATA[Connection Error. Your Internet Connection is not Stable. Please click Retry else your data will be lost.]]></Alert_SessionTimeoutSubmit>
    <Alert_Retake><![CDATA[You have already submitted the <dnt>[assessmentTitle]</dnt>. Click Cancel to close this window.]]></Alert_Retake>
    <scoreRanges><![CDATA[0-59~60-69~70-79~80-89~90-99~100]]></scoreRanges>
    <scoreRangesStrings><![CDATA[below 60~between 60 and 69~between 70 and 79~between 80 and 89~between 90 and 99~100]]></scoreRangesStrings>
    <Alert_StartAssessment><![CDATA[Click Begin Assessment to start the exam and the assessment timer.]]></Alert_StartAssessment>
    <Alert_Placeholder_01><![CDATA[<dnt>MCQ_Instruction_Last=</dnt>Select the correct answer, then click <b>Finish Assessment</b>.<dnt>##MMCQ_Instruction_Last=</dnt>Select one or more correct answers, then click <b>Finish Assessment</b>.<dnt>##SEQ_Instruction_Last=</dnt>Drag and drop the items into the proper order, then click <b>Finish Assessment</b>.<dnt>##MTF_Instruction_Last=</dnt>Drag and drop the items to match them. After matching ALL the items, click <b>Finish Assessment</b>.<dnt>##FIB_Instruction_Last=</dnt>Type the correct answer(s) into the text box(es), then click <b>Finish Assessment</b>.<dnt>##DDM_Instruction_Last=</dnt>Select the correct response from each dropdown menu, then click <b>Finish Assessment</b>.]]></Alert_Placeholder_01>
    <Alert_Placeholder_02><![CDATA[]]></Alert_Placeholder_02>
    <Alert_Placeholder_03><![CDATA[]]></Alert_Placeholder_03>
    <Alert_Placeholder_04><![CDATA[]]></Alert_Placeholder_04>
    <Alert_Placeholder_05><![CDATA[]]></Alert_Placeholder_05>
  </instructionText>
  <questionBank>
    <group ID="A" groupQuestionsToPick="5" groupRandomized="true">
      <question referenceID="1000" questionNumber="1" type="MCQ" ans="1" textLeftWidth="" textGap="" textRightWidth="">
        <Text><![CDATA[To search for any subject whose Subject Identifier starts with the letter "A", you can enter "A*" into the search box.]]></Text>
        <questionInstruction><![CDATA[Select the correct answer, then click <b>Next Question</b>.]]></questionInstruction>
        <option value="1"><![CDATA[True]]></option>
        <option value="0"><![CDATA[False]]></option>
        <feedbackCorrect><![CDATA[]]></feedbackCorrect>
        <feedbackIncorrect><![CDATA[]]></feedbackIncorrect>
      </question>
      <question referenceID="1001" questionNumber="2" type="MCQ" ans="2" textLeftWidth="" textGap="" textRightWidth="">
        <Text><![CDATA[On the Subject Homepage, why would a folder have an icon of Incomplete?]]></Text>
        <questionInstruction><![CDATA[Select the correct answer, then click <b>Next Question</b>.]]></questionInstruction>
        <option value="0"><![CDATA[No data has been entered in any of the forms associated with that folder.]]></option>
        <option value="1"><![CDATA[Partial data has been entered on some or all of the forms within the folder.]]></option>
        <option value="0"><![CDATA[All forms have data entered in without queries.]]></option>
        <feedbackCorrect><![CDATA[]]></feedbackCorrect>
        <feedbackIncorrect><![CDATA[]]></feedbackIncorrect>
      </question>
      <question referenceID="1002" questionNumber="3" type="MCQ" ans="1" textLeftWidth="" textGap="" textRightWidth="">
        <Text><![CDATA[The subject search box allows a subset of subjects to be filtered and displayed.]]></Text>
        <questionInstruction><![CDATA[Select the correct answer, then click <b>Next Question</b>.]]></questionInstruction>
        <option value="1"><![CDATA[True]]></option>
        <option value="0"><![CDATA[False]]></option>
        <feedbackCorrect><![CDATA[]]></feedbackCorrect>
        <feedbackIncorrect><![CDATA[]]></feedbackIncorrect>
      </question>
      <question referenceID="1003" questionNumber="4" type="MCQ" ans="3" textLeftWidth="" textGap="" textRightWidth="">
        <Text><![CDATA[The sidebar of the Subject Homepage contains:]]></Text>
        <questionInstruction><![CDATA[Select the correct answer, then click <b>Next Question</b>.]]></questionInstruction>
        <option value="0"><![CDATA[Subject Matrix.]]></option>
        <option value="0"><![CDATA[Subject Summary.]]></option>
        <option value="1"><![CDATA[Both the above.]]></option>
        <feedbackCorrect><![CDATA[]]></feedbackCorrect>
        <feedbackIncorrect><![CDATA[]]></feedbackIncorrect>
      </question>
      <question referenceID="1004" questionNumber="5" type="MCQ" ans="2" textLeftWidth="" textGap="" textRightWidth="">
        <Text><![CDATA[Which of the following occurs when you click a folder in the Subject Matrix?]]></Text>
        <questionInstruction><![CDATA[Select the correct answer, then click <b>Next Question</b>.]]></questionInstruction>
        <option value="0"><![CDATA[All the forms inside that folder are displayed in the main area of the Subject <br>Homepage one by one.]]></option>
        <option value="1"><![CDATA[A single form inside that folder is displayed in the main area of the Subject Homepage.]]></option>
        <option value="0"><![CDATA[All folders related to that subject are opened.]]></option>
        <feedbackCorrect><![CDATA[]]></feedbackCorrect>
        <feedbackIncorrect><![CDATA[]]></feedbackIncorrect>
      </question>
      <question referenceID="1005" questionNumber="6" type="MCQ" ans="3" textLeftWidth="" textGap="" textRightWidth="">
        <Text><![CDATA[The _________________ provides an at-a-glance view of the all forms and folders and their status.]]></Text>
        <questionInstruction><![CDATA[Select the correct answer, then click <b>Next Question</b>.]]></questionInstruction>
        <option value="0"><![CDATA[Portrait log view]]></option>
        <option value="0"><![CDATA[Landscape log view]]></option>
        <option value="1"><![CDATA[Grid View]]></option>
        <feedbackCorrect><![CDATA[]]></feedbackCorrect>
        <feedbackIncorrect><![CDATA[]]></feedbackIncorrect>
      </question>
      <question referenceID="1006" questionNumber="7" type="MCQ" ans="3" textLeftWidth="" textGap="" textRightWidth="">
        <Text><![CDATA[Status icons are displayed:]]></Text>
        <questionInstruction><![CDATA[Select the correct answer, then click <b>Next Question</b>.]]></questionInstruction>
        <option value="0"><![CDATA[To the right of data entry fields.]]></option>
        <option value="0"><![CDATA[On forms and folders.]]></option>
        <option value="1"><![CDATA[Both the above.]]></option>
        <feedbackCorrect><![CDATA[]]></feedbackCorrect>
        <feedbackIncorrect><![CDATA[]]></feedbackIncorrect>
      </question>
      <question referenceID="1007" questionNumber="8" type="MCQ" ans="1" textLeftWidth="" textGap="" textRightWidth="">
        <Text><![CDATA[The audit trail can be accessed:]]></Text>
        <questionInstruction><![CDATA[Select the correct answer, then click <b>Next Question</b>.]]></questionInstruction>
        <option value="1"><![CDATA[By clicking the status icon to the right of a data entry field.]]></option>
        <option value="0"><![CDATA[Via the Grid View.]]></option>
        <option value="0"><![CDATA[On the Subject Homepage.]]></option>
        <feedbackCorrect><![CDATA[]]></feedbackCorrect>
        <feedbackIncorrect><![CDATA[]]></feedbackIncorrect>
      </question>
      <question referenceID="1008" questionNumber="9" type="MCQ" ans="2" textLeftWidth="" textGap="" textRightWidth="">
        <Text><![CDATA[If a user has access to a single study and multiple sites, the homepage will display:]]></Text>
        <questionInstruction><![CDATA[Select the correct answer, then click <b>Next Question</b>.]]></questionInstruction>
        <option value="0"><![CDATA[A list of studies.]]></option>
        <option value="1"><![CDATA[A list of sites.]]></option>
        <option value="0"><![CDATA[A list of subjects.]]></option>
        <feedbackCorrect><![CDATA[]]></feedbackCorrect>
        <feedbackIncorrect><![CDATA[]]></feedbackIncorrect>
      </question>
      <question referenceID="1009" questionNumber="10" type="MCQ" ans="1" textLeftWidth="" textGap="" textRightWidth="">
        <Text><![CDATA[If a user has access to multiple studies and multiple sites, the homepage will display:]]></Text>
        <questionInstruction><![CDATA[Select the correct answer, then click <b>Next Question</b>.]]></questionInstruction>
        <option value="1"><![CDATA[A list of studies.]]></option>
        <option value="0"><![CDATA[A list of sites.]]></option>
        <option value="0"><![CDATA[A list of subjects.]]></option>
        <feedbackCorrect><![CDATA[]]></feedbackCorrect>
        <feedbackIncorrect><![CDATA[]]></feedbackIncorrect>
      </question>
      <question referenceID="1010" questionNumber="11" type="MCQ" ans="2" textLeftWidth="" textGap="" textRightWidth="">
        <Text><![CDATA[Which of the following is a manual query?]]></Text>
        <questionInstruction><![CDATA[Select the correct answer, then click <b>Next Question</b>.]]></questionInstruction>
        <option value="0"><![CDATA[A query generated automatically by the system.]]></option>
        <option value="1"><![CDATA[A query created by another Rave user.]]></option>
        <option value="0"><![CDATA[All queries are manual queries.]]></option>
        <feedbackCorrect><![CDATA[]]></feedbackCorrect>
        <feedbackIncorrect><![CDATA[]]></feedbackIncorrect>
      </question>
      <question referenceID="1011" questionNumber="12" type="MMCQ" ans="1,2,3" textLeftWidth="" textGap="" textRightWidth="">
        <Text><![CDATA[Which of the following are displayed in the audit trail? Check all that apply.]]></Text>
        <questionInstruction><![CDATA[Select one or more correct answers, then click <b>Next Question</b>.]]></questionInstruction>
        <option value="1"><![CDATA[The user who performed an action.]]></option>
        <option value="1"><![CDATA[The action taken.]]></option>
        <option value="1"><![CDATA[The date/time the action was taken.]]></option>
        <option value="0"><![CDATA[A link to the Grid View.]]></option>
        <feedbackCorrect><![CDATA[]]></feedbackCorrect>
        <feedbackIncorrect><![CDATA[]]></feedbackIncorrect>
      </question>
      <question referenceID="1012" questionNumber="13" type="MCQ" ans="2" textLeftWidth="" textGap="" textRightWidth="">
        <Text><![CDATA[The Icon Key is used to:]]></Text>
        <questionInstruction><![CDATA[Select the correct answer, then click <b>Next Question</b>.]]></questionInstruction>
        <option value="0"><![CDATA[Search for data marked with a certain status icon.]]></option>
        <option value="1"><![CDATA[Identify the meaning of various Rave icons.]]></option>
        <option value="0"><![CDATA[Both the above.]]></option>
        <feedbackCorrect><![CDATA[]]></feedbackCorrect>
        <feedbackIncorrect><![CDATA[]]></feedbackIncorrect>
      </question>
      <question referenceID="1013" questionNumber="14" type="MCQ" ans="1" textLeftWidth="" textGap="" textRightWidth="">
        <Text><![CDATA[Which of the following provides quick access to a subject recently viewed?]]></Text>
        <questionInstruction><![CDATA[Select the correct answer, then click <b>Next Question</b>.]]></questionInstruction>
        <option value="1"><![CDATA[The last 10 subjects list.]]></option>
        <option value="0"><![CDATA[The Grid View.]]></option>
        <option value="0"><![CDATA[The Subject Summary.]]></option>
        <feedbackCorrect><![CDATA[]]></feedbackCorrect>
        <feedbackIncorrect><![CDATA[]]></feedbackIncorrect>
      </question>
    </group>
  </questionBank>
</Assessment>