<Page>
	<transcript><![CDATA[]]></transcript>
	<pageText>

		<text id = "1" ><![CDATA[Rave provides industry-leading user experience and functionality for Electronic Data Capture (EDC), management, and reporting of clinical research data. The system is flexible and can meet sponsor clinical process requirements as well as the unique aspects of individual clinical trials.<br><br>This training course is intended for clinical site personnel as well as sponsor staff who work on clinical trials. This course will provide you with a thorough understanding of how to use Rave to carry out your specific responsibilities during the data collection and management process.<br><br>Some of the features included in this training may not be utilized by individual sponsors and others may be customized to meet unique study requirements. After completing and passing the final assessment, you will be granted full access to Rave.]]></text>
		<text id = "3" ><![CDATA[© Copyright 2011 Medidata Solutions, Inc. All rights reserved.]]></text>

					<!-- following node is stroing x position for ® -->
		<text id = "4">765</text>
		<!-- following node is stroing y position for ® -->
		<text id = "5">83</text>
		
	</pageText>
</Page>