<?xml version="1.0" encoding="UTF-8"?>
<config>
    <showCurriculumMenu translate="no">false</showCurriculumMenu>
    <courseLocale translate="no">En</courseLocale>
	<!-- Possible values for course launch environment are: COOKIES / STANDALONE / SCORM / RAVE / RAVE_EXTERNAL -->
	<courseType translate="no">
		<type>SCORM</type>
	</courseType>
	<!-- Switch for controlling display of config files while loading the course shell: true / false 
	true: will show all the file names while loading them as part of the course shell loading.
	false: will hide the file names while loading	
	-->
	<preloadingFileNames translate="no">false</preloadingFileNames>
	
    <globalLanguageData>
        <curriculumMenu><![CDATA[Medidata]]></curriculumMenu>
        <curriculumTitle><![CDATA[Medidata Training Program]]></curriculumTitle>
        <curriculumInst><![CDATA[To launch a course, click on the course name.]]></curriculumInst>
        <curriculumNote><![CDATA[<b>Note:</b> The following training course is a commercial off the shelf training product provided by Medidata. Due to different course navigation functions found within this training, please take a few minutes to familiarize yourself with this new functionality by clicking on the "Help" button available on the course menu page.]]></curriculumNote>
        <columnHeading1><![CDATA[<b>Curriculum</b>]]></columnHeading1>
        <columnHeading2><![CDATA[<b>Course</b>]]></columnHeading2>
        <completedTip><![CDATA[Completed]]></completedTip>
        <exit><![CDATA[EXIT]]></exit>
        <exitConfirmation><![CDATA[Do you really want to exit the course?]]></exitConfirmation>
        <inProgressTip><![CDATA[In Progress]]></inProgressTip>
        <no><![CDATA[<b>No</b>]]></no>
        <notStartedTip><![CDATA[Not Started]]></notStartedTip>
        <startCourse><![CDATA[<b>Start Course</b>]]></startCourse>
        <yes><![CDATA[<b>Yes</b>]]></yes>
    </globalLanguageData>
    <groupCurriculumData>
        <groupCurriculum id="1">
            <groupName><![CDATA[Group 1]]></groupName>
			<courseTitle folder="endUser" id="1"><![CDATA[Medidata]]></courseTitle>  		
        </groupCurriculum>
    </groupCurriculumData>
</config>
