<?xml version="1.0" standalone="no" ?>
<manifest identifier="KM016" version="1.0" xmlns="http://www.imsproject.org/xsd/imscp_rootv1p1p2" xmlns:adlcp="http://www.adlnet.org/xsd/adlcp_rootv1p2" xmlns:xsi="http://www.w3.org/2001/XMLSchema-instance" xsi:schemaLocation="http://www.imsproject.org/xsd/imscp_rootv1p1p2 imscp_rootv1p1p2.xsd http://www.imsglobal.org/xsd/imsmd_rootv1p2p1 imsmd_rootv1p2p1.xsd http://www.adlnet.org/xsd/adlcp_rootv1p2 adlcp_rootv1p2.xsd">
   <metadata>
        <schema>ADL SCORM</schema>
        <schemaversion>1.2</schemaversion>
        <lom xmlns="http://www.imsglobal.org/xsd/imsmd_rootv1p2p1">
            <general>
                <description>
					<langstring xml:lang="x-none"><![CDATA[Course OID###KM016]]></langstring>
					<langstring xml:lang="x-none"><![CDATA[Course Name###Rave Double Data Entry for End Users]]></langstring>	
                    <langstring xml:lang="x-none"><![CDATA[Course Publish Mode###Flash Player 10 and above]]></langstring>
                    <langstring xml:lang="x-none"><![CDATA[Course Developer###Medidata Solutions ]]></langstring>
                    <langstring xml:lang="x-none"><![CDATA[Post Assessment Version###MaxGen 2.0]]></langstring>                    
                    <langstring xml:lang="x-none"><![CDATA[Post Assessment Description###MaxGen Type II Assessment]]></langstring>                   
                    <langstring xml:lang="x-none"><![CDATA[Course Packet Name###Rave_DDE_for_End_Users_En_AS3_1.2.2_SCORM_01072013.zip]]></langstring>
                    <langstring xml:lang="x-none"><![CDATA[Course File Verified By###Devashish Srivastava]]></langstring>
                </description>
            </general>
        </lom>
    </metadata>
    <organizations default="Rave_DDE_for_End_Users">
        <organization identifier="Rave_DDE_for_End_Users" structure="heirarchical">
            <title>Rave Double Data Entry for End Users</title>
            <item identifier="HomePage" identifierref="Rave_DDE_for_End_Users_SCO">
                <title>Rave Double Data Entry for End Users</title>
            </item>
        </organization>
    </organizations>
    <resources>
        <resource identifier="Rave_DDE_for_End_Users_SCO" type="webcontent" href="init.htm" adlcp:scormtype="sco">
            <file href="init.htm" />
        </resource>
        <resource identifier="wrapper" type="webcontent" adlcp:scormtype="asset" href="scorm_api.js">
    
			 
        </resource>
    </resources>
</manifest>
