<?xml version="1.0"?>
<data>
	<curriculumMenu><![CDATA[Designer for Author Training Program]]></curriculumMenu>
	<curriculumTitle><![CDATA[Medidata Designer Training]]></curriculumTitle>
	<curriculumInst><![CDATA[To launch a course, click on the course name.]]></curriculumInst>
	<curriculumNote><![CDATA[<b>Note:</b> The following training course is a commercial off the shelf training product provided by Medidata with Pfizer specific content contained throughout the courseware. Due to different course navigation functions found within this training, compared with Pfizer's standard application training template, please take a few minutes to familiarize yourself with this new functionality by clicking on the "Help" button available on the course menu page.]]></curriculumNote>
	<columnHeading1><![CDATA[<b>Curriculum</b>]]></columnHeading1>
	<columnHeading2><![CDATA[<b>Course</b>]]></columnHeading2>
	<completedTip><![CDATA[Completed]]></completedTip>
	

	<exit><![CDATA[Exit]]></exit>
	<exitConfirmation><![CDATA[Do you really want to exit the course?]]></exitConfirmation>
	
	<inProgressTip><![CDATA[In Progress]]></inProgressTip>

	<no><![CDATA[<b>No</b>]]></no>
	<notStartedTip><![CDATA[Not Started]]></notStartedTip>
	
	<startCourse><![CDATA[<b>Start Course</b>]]></startCourse>
	<yes><![CDATA[<b>Yes</b>]]></yes>
</data>