﻿<?xml version="1.0"?>
<data>
	<accept><![CDATA[<b>Accept</b>]]></accept>
	<agreement><![CDATA[<b>Agreement</b>]]></agreement>
	<alert><![CDATA[<b>ALERT</b>]]></alert>
	<answered><![CDATA[Answered]]></answered>
	<alertnateFrame><![CDATA[Page]]></alertnateFrame>
	<alertnateModule1><![CDATA[Module 1]]></alertnateModule1>
	<alertnateModule2><![CDATA[Module 2]]></alertnateModule2>
	<alertnateModuleTime><![CDATA[(Module Time)]]></alertnateModuleTime>
	<alertnateModulePage><![CDATA[(Module Pages)]]></alertnateModulePage>
	<addFeedback><![CDATA[ADD FEEDBACK]]></addFeedback>

	
	<backQuestion><![CDATA[<b>PREVIOUS QUESTION</b>]]></backQuestion>
	<bookmark><![CDATA[<b>Bookmark</b>]]></bookmark>
	<bookmarkConfirmation><![CDATA[Do you want to go to the last visited page?]]></bookmarkConfirmation>

	<!-- Moved in course curriculum -->
	<!-- following parameter is to disable the Tracking Information in versionInfo Debug window. Default is false -->
	<!--<showTrackingData><![CDATA[true]]></showTrackingData>-->

	<cancel><![CDATA[<b>Cancel</b>]]></cancel>
	<check><![CDATA[<b>Check Answer</b>]]></check>
	<clearQuestion><![CDATA[<b>RESET</b>]]></clearQuestion>
	<close><![CDATA[Close]]></close>
	<closeHelp><![CDATA[Close Help]]></closeHelp>
	<collapse><![CDATA[Collapse]]></collapse>
	<complete><![CDATA[Complete]]></complete>
	<completedMessage><![CDATA[Hi [usersName].<br><br>You have already completed the assessment.]]></completedMessage>
	<continu><![CDATA[<b>Continue</b>]]></continu>
	<courseMenu><![CDATA[COURSE MENU]]></courseMenu>
	<!-- <courseMenuInst><![CDATA[To launch a module, click on the module name.]]></courseMenuInst> 
		 <courseMenu><![CDATA[COURSE MENU]]></courseMenu>
		 <correctOptions><![CDATA[<b>Correct Options</b>]]></correctOptions> -->

	<correctOptions><![CDATA[<b>Correct Choice(s)</b>]]></correctOptions>
	
	<currentQuestion><![CDATA[Current Question]]></currentQuestion>
	<contact>
			<title><![CDATA[Contact Us]]></title>
			<body><![CDATA[<br>+1 877 511 4200<br><font color="#0000FF"><a href="asfunction:fnmailTo">info@mdsol.com</a></font>]]></body>
	</contact>

	<!-- Moved in course curriculum -->
	<!--<displayIntro><![CDATA[true]]></displayIntro>-->
	<debugWindow><![CDATA[DEBUG WINDOW]]></debugWindow>
	<disclaimer><![CDATA[Disclaimer]]></disclaimer>
	<disclaimerBtnText><![CDATA[© Copyright 2013 Medidata Solutions, Inc. All rights reserved.]]></disclaimerBtnText>
	<disclaimerText><![CDATA[Information in this course is subject to change without notice. No part of this course may be reproduced or transmitted in any form or by any means, electronic or mechanical, including, but not limited to, photocopying and recording, for any purpose without the express permission of Medidata Solutions, Inc.<br><br>© Copyright 2013 Medidata Solutions, Inc. All rights reserved.]]></disclaimerText>
	<done><![CDATA[<b>Done</b>]]></done>

	<!-- <downLoadManual><![CDATA[<b>Download Manual</b> (PDF, 3.46 MB)]]></downLoadManual> 
	 	 <downLoadManualFile><![CDATA[Manual.pdf]]></downLoadManualFile> -->

	<downLoadManualContent><![CDATA[READ THE FOLLOWING PARAGRAPH CAREFULLY BEFORE ACCESSING OR VIEWING THE INFORMATION CONTAINED HEREIN, REGARDLESS OF ITS FORMAT. BY ACCESSING OR VIEWING THE INFORMATION, YOU AGREE TO BE BOUND BY THE NON-DISCLOSURE PROVISIONS BELOW. IF YOU DO NOT AGREE TO SUCH PROVISIONS, DO NOT ACCESS OR VIEW THIS INFORMATION. REMOVE, DELETE OR DESTROY THE ORIGINAL AND ALL COPIES OF THIS INFORMATION.<br><br>Medidata Solutions, Inc. ("Medidata") owns all rights, title and interest in the software shown in the information contained herein ("Medidata Software"). The Medidata Software and all materials and discussions exchanged in connection with this information are deemed to have pecuniary value to Medidata and to be confidential in nature ("Medidata Confidential Information"). You shall protect and treat Medidata Confidential Information as confidential using the same care you would in protecting your own information of a similar nature but no less than reasonable care, and shall not transfer or disclose the Medidata Confidential Information thereof to third-parties that are not bound by similar non-disclosure obligations, or use such Medidata Confidential Information for any purposes whatsoever.]]></downLoadManualContent>
	
	<decline><![CDATA[<b>Decline</b>]]></decline>

	<expand><![CDATA[Expand]]></expand>
	<example><![CDATA[<b>Example</b>]]></example>
	<exit><![CDATA[<b>EXIT</b>]]></exit>
	<exitConfirmation><![CDATA[Do you really want to exit the course?]]></exitConfirmation>

	<exitCertification><![CDATA[<b>Enrollment Data Required</b>]]></exitCertification>
	<exitCertificationConfirmation><![CDATA[You must fill out the form to complete the enrollment process.<br><br>Do you really want to exit the course?]]></exitCertificationConfirmation>
	
	<feedback><![CDATA[<b>Feedback</b>]]></feedback>
	<feedbackCloseInstruction><![CDATA[<font color='#800000'>Please close feedback window to continue</font>]]></feedbackCloseInstruction>
	<finishAssessment2><![CDATA[<b>FINISH ASSESSMENT</b>]]></finishAssessment2>
	<finishAssessment><![CDATA[<b>Finish Assessment</b>]]></finishAssessment>
	<alertAssessment><![CDATA[You are currently in Post Assessment. If you navigate back to the course your current answers will not be saved. Do you want to continue?]]></alertAssessment>
	<go><![CDATA[<b>Go</b> ]]></go>	
	<guest><![CDATA[Guest]]></guest>

	<help><![CDATA[HELP]]></help>
	<home><![CDATA[HOME]]></home>
	<hint><![CDATA[Hint]]></hint>

	<jumpToQuestion><![CDATA[<b>Jump to Question:</b>]]></jumpToQuestion>

	<resources><![CDATA[RESOURCES]]></resources>
	
	<loading><![CDATA[Loading]]></loading>
	<loadingAssets><![CDATA[Loading Assets]]></loadingAssets>
	
	<!--
	<link><![CDATA[<b>Link</b>]]></link>
	-->
	
	<menu ><![CDATA[Menu]]></menu>
	<mainMenu><![CDATA[MAIN MENU]]></mainMenu>

	<!-- below 4 tages is for the module information min/mins is for time and page/pages for pages-->
	<menu_min>min</menu_min>
	<menu_mins>mins</menu_mins>
	<menu_page>page</menu_page>
	<menu_pages>pages</menu_pages>
	<!--      -->

		
	<nextFrameInstruction><![CDATA[Click <b>Next</b> to continue.]]></nextFrameInstruction>
	<nextHomeInstruction><![CDATA[Click <b>Exit</b> to close this course.]]></nextHomeInstruction>
	<next><![CDATA[NEXT]]></next>
	<nextQuestion><![CDATA[<b>NEXT QUESTION</b>]]></nextQuestion>
	<no><![CDATA[<b>No</b>]]></no>
	<note><![CDATA[<b>Note</b>]]></note>
	
	<of><![CDATA[ of ]]></of>
	<ok><![CDATA[<b>OK</b>]]></ok>
	<OR><![CDATA[ or ]]></OR>
	
	<previous><![CDATA[PREVIOUS]]></previous>
	<page><![CDATA[Page ]]></page>
	<pause><![CDATA[PAUSE]]></pause>
	<play><![CDATA[PLAY]]></play>
	<print><![CDATA[Print]]></print>
	<postAssessment><![CDATA[Post Assessment]]></postAssessment>
	
	
	<question><![CDATA[<b>Question:</b>]]></question>
	<question_result_pane><![CDATA[<b>Question</b>]]></question_result_pane>
	<question_questionSummary><![CDATA[<b>Questions:</b>]]></question_questionSummary>
	<questionSummary><![CDATA[<b>Question Summary:</b>]]></questionSummary>
	
	<rTradMark><![CDATA[Â®]]></rTradMark>
	<replay><![CDATA[REPLAY]]></replay>
	<repeat><![CDATA[<b>Repeat</b>]]></repeat>
	<reset><![CDATA[<b>Reset</b>]]></reset>
	<restartCourse><![CDATA[<b>RESTART COURSE</b>]]></restartCourse>
	<result><![CDATA[<b>Result</b>]]></result>
	<reTakeAss><![CDATA[<b>RETAKE ASSESSMENT</b>]]></reTakeAss>

	<toolTipLastQues><![CDATA[You are on the last question of the assessment.Xposition=125 Yposition=-90]]></toolTipLastQues>
	
	<skipIntro><![CDATA[<b>Skip Intro</b>]]></skipIntro>
	
	<start><![CDATA[<b>Start</b>]]></start>
	<sound><![CDATA[AUDIO]]></sound>
	<!-- <seek><![CDATA[Seek]]></seek> 
	<splashWelcome><![CDATA[Welcome to Medidata Designer: Reviewer curriculum]]></splashWelcome>
	<splashHeader><![CDATA[The Reviewer role training will provide an overview of the Medidata Designer application as well as detailed instruction on reviewing and commenting on protocols within Designer.]]></splashHeader> -->
	<splashContent><![CDATA[Please be sure to turn on your speakers as this course is fully narrated. If you do not have speakers, please click the <b>Transcript</b> to follow along.]]></splashContent>
	
	<!-- 
		This is to insert the image icon of trnascript button in audio note. Client says No for it as of now.
		<img src='transcriptIcon' hspace='358' vspace='-15'> 
	
	-->         

	
	<!-- <startCourse><![CDATA[<b>Start Course</b>]]></startCourse> 
	 	 <step><![CDATA[Step]]></step> -->

	<submit><![CDATA[<b>Submit</b>]]></submit>
	<showMe><![CDATA[<b>Show Me</b>]]></showMe>
	
	<task><![CDATA[<b>Task</b>]]></task>
	<tasks><![CDATA[<b>Tasks</b>]]></tasks>
	<time><![CDATA[Time:]]></time>
	<transcript><![CDATA[TRANSCRIPT]]></transcript>
	<training><![CDATA[Training]]></training>
	<timeout><![CDATA[Timeout]]></timeout>
	<timeOutText><![CDATA[Your session has expired. Please log in again and re-launch the course.]]></timeOutText>
	<unanswered><![CDATA[Unanswered]]></unanswered>
	<user><![CDATA[User]]></user>
	
	<welcome><![CDATA[Welcome]]></welcome>	
	<yes><![CDATA[<b>Yes</b>]]></yes>
	<!-- <youChose><![CDATA[<b>You Chose</b>]]></youChose> -->
	<youChose><![CDATA[<b>Your Selection(s)</b>]]></youChose>

	<rTradMark_txtX>692</rTradMark_txtX>
	<rTradMark_txtY>115</rTradMark_txtY>
	<rTradMark_txt1X>443</rTradMark_txt1X>
	<rTradMark_txt1Y>55</rTradMark_txt1Y>


	<!-- Here onwards are the tags used in Certification Page and Module -->
	
	<certificationTitle><![CDATA[Certification/Agreement]]></certificationTitle>
	<certificationPageTitle><![CDATA[Confirmation of Medidata Professional Certification and Confidentiality Agreement]]></certificationPageTitle>
	
	
	<certificationHeader><![CDATA[<b>Certification</b>]]></certificationHeader>
	<certificationMessage><![CDATA[Would you like to be certified in the <font color="#0000ff"><u><a href="asfunction:fnOpenCertificatePage">Medidata Professional Certified Program for Investigative Sites</a></u>?</font>]]></certificationMessage>
	
	<certificateYes><![CDATA[Yes]]></certificateYes>
	<certificateNo><![CDATA[No]]></certificateNo>
	
	
	
	
	<agreementHeader><![CDATA[<b>Agreement</b>]]></agreementHeader>
	<agreementMessage><![CDATA[In order to enroll in the Medidata Professional Certification Program, you must agree to the program's terms and conditions. Please acknowledge your acceptance and agreement with the <font color="#0000ff"><u><a href="asfunction:fnOpenCertificatePage">Medidata Professional Certified Program for Investigative Sites</a></u></font> by selecting <b>I Accept</b> below.<br><br>I, [userName], acknowledge that my selection of <b>I Accept</b> below constitutes acceptance of and agreement with the terms and conditions of the Medidata Professional Certification Program Agreement for Investigative Sites.]]></agreementMessage>

	<agreementYes><![CDATA[I Accept]]></agreementYes>
	<agreementNo><![CDATA[I Decline]]></agreementNo>
	
	<iDeclinePopupTitle><![CDATA[Decline Terms of Use]]></iDeclinePopupTitle>
	<iDeclinePopupText><![CDATA[By declining the terms of use, you will not be enrolled in the Medidata Professional Certification Program. You will still be able to access your Rave studies. Are you sure you want to decline?]]></iDeclinePopupText>

	<certificateBtn><![CDATA[<b>NEXT</b>]]></certificateBtn>
	<userContry><![CDATA[Country:]]></userContry>
	<countries>	
		<country id="1"><![CDATA[Select]]></country>
		<country value="AFG" id="1"><![CDATA[Afghanistan]]></country>
		<country value="ALA" id="1"><![CDATA[Aland Islands]]></country>
		<country value="ALB" id="1"><![CDATA[Albania]]></country>
		<country value="DZA" id="1"><![CDATA[Algeria]]></country>
		<country value="ASM" id="1"><![CDATA[American Samoa]]></country>
		<country value="AND" id="1"><![CDATA[Andorra]]></country>
		<country value="AGO" id="1"><![CDATA[Angola]]></country>
		<country value="AIA" id="1"><![CDATA[Anguilla]]></country>
		<country value="AQ" id="1"><![CDATA[Antarctica]]></country>
		<country value="ATG" id="1"><![CDATA[Antigua and Barbuda]]></country>
		<country value="ARG" id="1"><![CDATA[Argentina]]></country>
		<country value="ARM" id="1"><![CDATA[Armenia]]></country>
		<country value="ABW" id="1"><![CDATA[Aruba]]></country>
		<country value="AUS" id="1"><![CDATA[Australia]]></country>
		<country value="AUT" id="1"><![CDATA[Austria]]></country>
		<country value="AZE" id="1"><![CDATA[Azerbaijan]]></country>
		
		<country value="BHS" id="1"><![CDATA[Bahamas]]></country>
		<country value="BHR" id="1"><![CDATA[Bahrain]]></country>
		<country value="BGD" id="1"><![CDATA[Bangladesh]]></country>
		<country value="BRB" id="1"><![CDATA[Barbados]]></country>
		<country value="BLR" id="1"><![CDATA[Belarus]]></country>
		<country value="BEL" id="1"><![CDATA[Belgium]]></country>
		<country value="BLZ" id="1"><![CDATA[Belize]]></country>
		<country value="BEN" id="1"><![CDATA[Benin]]></country>
		<country value="BMU" id="1"><![CDATA[Bermuda]]></country>
		<country value="BTN" id="1"><![CDATA[Bhutan]]></country>
		<country value="BOL" id="1"><![CDATA[Bolivia]]></country>
		<country value="BIH" id="1"><![CDATA[Bosnia and Herzegovina]]></country>
		<country value="BWA" id="1"><![CDATA[Botswana]]></country>
		<country value="BV" id="1"><![CDATA[Bouvet Island]]></country>
		<country value="BRA" id="1"><![CDATA[Brazil]]></country>
		<country value="BQ" id="1"><![CDATA[British Antarctic Territory]]></country>
		<country value="IO" id="1"><![CDATA[British Indian Ocean Territory]]></country>
		<country value="VGB" id="1"><![CDATA[British Virgin Islands]]></country>
		<country value="BRN" id="1"><![CDATA[Brunei Darussalam]]></country>
		<country value="BGR" id="1"><![CDATA[Bulgaria]]></country>
		<country value="BFA" id="1"><![CDATA[Burkina Faso]]></country>
		<country value="BDI" id="1"><![CDATA[Burundi]]></country>
		
		<country value="KHM" id="1"><![CDATA[Cambodia]]></country>
		<country value="CMR" id="1"><![CDATA[Cameroon]]></country>
		<country value="CAN" id="1"><![CDATA[Canada]]></country>
		<country value="CT" id="1"><![CDATA[Canton and Enderbury Islands]]></country>
		<country value="CPV" id="1"><![CDATA[Cape Verde]]></country>
		<country value="CYM" id="1"><![CDATA[Cayman Islands]]></country>
		<country value="CAF" id="1"><![CDATA[Central African Republic]]></country>
		<country value="TCD" id="1"><![CDATA[Chad]]></country>
		<country value="CHI" id="1"><![CDATA[Channel Islands]]></country>
		<country value="CHL" id="1"><![CDATA[Chile]]></country>
		<country value="CHN" id="1"><![CDATA[China]]></country>
		<country value="CX" id="1"><![CDATA[Christmas Island]]></country>
		<country value="CC" id="1"><![CDATA[Cocos Islands]]></country>
		<country value="COL" id="1"><![CDATA[Colombia]]></country>
		<country value="COM" id="1"><![CDATA[Comoros]]></country>
		<country value="COG" id="1"><![CDATA[Congo - Brazzaville]]></country>
		<country value="COD" id="1"><![CDATA[Congo - Kinshasa]]></country>
		<country value="COK" id="1"><![CDATA[Cook Islands]]></country>
		<country value="CRI" id="1"><![CDATA[Costa Rica]]></country>
		<country value="HRV" id="1"><![CDATA[Croatia]]></country>
		<country value="CUB" id="1"><![CDATA[Cuba]]></country>
		<country value="CYP" id="1"><![CDATA[Cyprus]]></country>
		<country value="CZE" id="1"><![CDATA[Czech Republic]]></country>
		
		<country value="DNK" id="1"><![CDATA[Denmark]]></country>
		<country value="DJI" id="1"><![CDATA[Djibouti]]></country>
		<country value="DMA" id="1"><![CDATA[Dominica]]></country>
		<country value="DOM" id="1"><![CDATA[Dominican Republic]]></country>
		<country value="PRK" id="1"><![CDATA[DPR of Korea]]></country>
		<country value="NQ" id="1"><![CDATA[Dronning Maud Land]]></country>
		
		<country value="DD" id="1"><![CDATA[East Germany]]></country>
		<country value="ECU" id="1"><![CDATA[Ecuador]]></country>
		<country value="EGY" id="1"><![CDATA[Egypt]]></country>
		<country value="SLV" id="1"><![CDATA[El Salvador]]></country>
		<country value="GNQ" id="1"><![CDATA[Equatorial Guinea]]></country>
		<country value="ERI" id="1"><![CDATA[Eritrea]]></country>
		<country value="EST" id="1"><![CDATA[Estonia]]></country>
		<country value="ETH" id="1"><![CDATA[Ethiopia]]></country>
		<country value="QU" id="1"><![CDATA[European Union]]></country>
		
		<country value="FRO" id="1"><![CDATA[Faeroe Islands]]></country>
		<country value="FLK" id="1"><![CDATA[Falkland Islands]]></country>
		<country value="FO" id="1"><![CDATA[Faroe Islands]]></country>
		<country value="FJI" id="1"><![CDATA[Fiji]]></country>
		<country value="FIN" id="1"><![CDATA[Finland]]></country>
		<country value="FRA" id="1"><![CDATA[France]]></country>
		<country value="GUF" id="1"><![CDATA[French Guiana]]></country>
		<country value="PYF" id="1"><![CDATA[French Polynesia]]></country>
		<country value="FQ" id="1"><![CDATA[French Southern and Antarctic Territories]]></country>
		<country value="TF" id="1"><![CDATA[French Southern Territories]]></country>
		
		<country value="GAB" id="1"><![CDATA[Gabon]]></country>
		<country value="GMB" id="1"><![CDATA[Gambia]]></country>
		<country value="GEO" id="1"><![CDATA[Georgia]]></country>
		<country value="DEU" id="1"><![CDATA[Germany]]></country>
		<country value="GHA" id="1"><![CDATA[Ghana]]></country>
		<country value="GIB" id="1"><![CDATA[Gibraltar]]></country>
		<country value="GRC" id="1"><![CDATA[Greece]]></country>
		<country value="GRL" id="1"><![CDATA[Greenland]]></country>
		<country value="GRD" id="1"><![CDATA[Grenada]]></country>
		<country value="GLP" id="1"><![CDATA[Guadeloupe]]></country>
		<country value="GUM" id="1"><![CDATA[Guam]]></country>
		<country value="GTM" id="1"><![CDATA[Guatemala]]></country>
		<country value="GGY" id="1"><![CDATA[Guernsey]]></country>
		<country value="GIN" id="1"><![CDATA[Guinea]]></country>
		<country value="GNB" id="1"><![CDATA[Guinea-Bissau]]></country>
		<country value="GUY" id="1"><![CDATA[Guyana]]></country>
		
		<country value="HTI" id="1"><![CDATA[Haiti]]></country>
		<country value="HM" id="1"><![CDATA[Heard Island and McDonald Islands]]></country>
		<country value="VAT" id="1"><![CDATA[Holy See]]></country>
		<country value="HND" id="1"><![CDATA[Honduras]]></country>
		<country value="HKG" id="1"><![CDATA[Hong Kong]]></country>
		<country value="HUN" id="1"><![CDATA[Hungary]]></country>
		
		<country value="ISL" id="1"><![CDATA[Iceland]]></country>
		<country value="IND" id="1"><![CDATA[India]]></country>
		<country value="IDN" id="1"><![CDATA[Indonesia]]></country>
		<country value="IRN" id="1"><![CDATA[Iran]]></country>
		<country value="IRQ" id="1"><![CDATA[Iraq]]></country>
		<country value="IRL" id="1"><![CDATA[Ireland]]></country>
		<country value="IMN" id="1"><![CDATA[Isle of Man]]></country>
		<country value="ISR" id="1"><![CDATA[Israel]]></country>
		<country value="ITA" id="1"><![CDATA[Italy]]></country>
		<country value="CIV" id="1"><![CDATA[Ivory Coast]]></country>
		
		<country value="JAM" id="1"><![CDATA[Jamaica]]></country>
		<country value="JPN" id="1"><![CDATA[Japan]]></country>
		<country value="JEY" id="1"><![CDATA[Jersey]]></country>
		<country value="JT" id="1"><![CDATA[Johnston Island]]></country>
		<country value="JOR" id="1"><![CDATA[Jordan]]></country>
		
		<country value="KAZ" id="1"><![CDATA[Kazakhstan]]></country>
		<country value="KEN" id="1"><![CDATA[Kenya]]></country>
		<country value="KIR" id="1"><![CDATA[Kiribati]]></country>
		<country value="KWT" id="1"><![CDATA[Kuwait]]></country>
		<country value="KGZ" id="1"><![CDATA[Kyrgyzstan]]></country>
		
		<country value="LAO" id="1"><![CDATA[Lao]]></country>
		<country value="LVA" id="1"><![CDATA[Latvia]]></country>
		<country value="LBN" id="1"><![CDATA[Lebanon]]></country>
		<country value="LSO" id="1"><![CDATA[Lesotho]]></country>
		<country value="LBR" id="1"><![CDATA[Liberia]]></country>
		<country value="LBY" id="1"><![CDATA[Libyan Arab Jamahiriya]]></country>
		<country value="LIE" id="1"><![CDATA[Liechtenstein]]></country>
		<country value="LTU" id="1"><![CDATA[Lithuania]]></country>
		<country value="LUX" id="1"><![CDATA[Luxembourg]]></country>
		
		<country value="MAC" id="1"><![CDATA[Macao]]></country>
		<country value="MKD" id="1"><![CDATA[Macedonia]]></country>
		<country value="MDG" id="1"><![CDATA[Madagascar]]></country>
		<country value="MWI" id="1"><![CDATA[Malawi]]></country>
		<country value="MYS" id="1"><![CDATA[Malaysia]]></country>
		<country value="MDV" id="1"><![CDATA[Maldives]]></country>
		<country value="MLI" id="1"><![CDATA[Mali]]></country>
		<country value="MLT" id="1"><![CDATA[Malta]]></country>
		<country value="MHL" id="1"><![CDATA[Marshall Islands]]></country>
		<country value="MTQ" id="1"><![CDATA[Martinique]]></country>
		<country value="MRT" id="1"><![CDATA[Mauritania]]></country>
		<country value="MUS" id="1"><![CDATA[Mauritius]]></country>
		<country value="MYT" id="1"><![CDATA[Mayotte]]></country>
		<country value="FX" id="1"><![CDATA[Metropolitan France]]></country>
		<country value="MEX" id="1"><![CDATA[Mexico]]></country>
		<country value="FSM" id="1"><![CDATA[Micronesia]]></country>
		<country value="MI" id="1"><![CDATA[Midway Islands]]></country>
		<country value="MCO" id="1"><![CDATA[Monaco]]></country>
		<country value="MNG" id="1"><![CDATA[Mongolia]]></country>
		<country value="MNE" id="1"><![CDATA[Montenegro]]></country>
		<country value="MSR" id="1"><![CDATA[Montserrat]]></country>
		<country value="MAR" id="1"><![CDATA[Morocco]]></country>
		<country value="MOZ" id="1"><![CDATA[Mozambique]]></country>
		<country value="MMR" id="1"><![CDATA[Myanmar]]></country>
		
		<country value="NAM" id="1"><![CDATA[Namibia]]></country>
		<country value="NRU" id="1"><![CDATA[Nauru]]></country>
		<country value="NPL" id="1"><![CDATA[Nepal]]></country>
		<country value="NLD" id="1"><![CDATA[Netherlands]]></country>
		<country value="ANT" id="1"><![CDATA[Netherlands Antilles]]></country>
		<country value="NT" id="1"><![CDATA[Neutral Zone]]></country>
		<country value="NCL" id="1"><![CDATA[New Caledonia]]></country>
		<country value="NZL" id="1"><![CDATA[New Zealand]]></country>
		<country value="NIC" id="1"><![CDATA[Nicaragua]]></country>
		<country value="NER" id="1"><![CDATA[Niger]]></country>
		<country value="NGA" id="1"><![CDATA[Nigeria]]></country>
		<country value="NIU" id="1"><![CDATA[Niue]]></country>
		<country value="NFK" id="1"><![CDATA[Norfolk Island]]></country>
		<country value="VD" id="1"><![CDATA[North Vietnam]]></country>
		<country value="MNP" id="1"><![CDATA[Northern Mariana Islands]]></country>
		<country value="NOR" id="1"><![CDATA[Norway]]></country>

		<country value="OMN" id="1"><![CDATA[Oman]]></country>
		<country value="QO" id="1"><![CDATA[Outlying Oceania]]></country>

		<country value="PC" id="1"><![CDATA[Pacific Islands Trust Territory]]></country>
		<country value="PAK" id="1"><![CDATA[Pakistan]]></country>
		<country value="PLW" id="1"><![CDATA[Palau]]></country>
		<country value="PSE" id="1"><![CDATA[Palestine]]></country>
		<country value="PS" id="1"><![CDATA[Palestinian Territory]]></country>
		<country value="PAN" id="1"><![CDATA[Panama]]></country>
		<country value="PZ" id="1"><![CDATA[Panama Canal Zone]]></country>
		<country value="PNG" id="1"><![CDATA[Papua New Guinea]]></country>
		<country value="PRY" id="1"><![CDATA[Paraguay]]></country>
		<country value="YD" id="1"><![CDATA[People's Democratic Republic of Yemen]]></country>
		<country value="PER" id="1"><![CDATA[Peru]]></country>
		<country value="PHL" id="1"><![CDATA[Philippines]]></country>
		<country value="PCN" id="1"><![CDATA[Pitcairn]]></country>
		<country value="POL" id="1"><![CDATA[Poland]]></country>
		<country value="PRT" id="1"><![CDATA[Portugal]]></country>
		<country value="PRI" id="1"><![CDATA[Puerto Rico]]></country>

		<country value="QAT" id="1"><![CDATA[Qatar]]></country>

		<country value="KOR" id="1"><![CDATA[Republic of Korea]]></country>
		<country value="MDA" id="1"><![CDATA[Republic of Moldova]]></country>
		<country value="REU" id="1"><![CDATA[Reunion]]></country>
		<country value="ROU" id="1"><![CDATA[Romania]]></country>
		<country value="RUS" id="1"><![CDATA[Russian Federation]]></country>
		<country value="RWA" id="1"><![CDATA[Rwanda]]></country>

		<country value="BLM" id="1"><![CDATA[Saint-Bartholemy]]></country>
		<country value="SHN" id="1"><![CDATA[Saint Helena]]></country>
		<country value="KNA" id="1"><![CDATA[Saint Kitts and Nevis]]></country>
		<country value="LCA" id="1"><![CDATA[Saint Lucia]]></country>
		<country value="MF" id="1"><![CDATA[Saint Martin]]></country>
		<country value="MAF" id="1"><![CDATA[Saint-Martin (French)]]></country>
		<country value="SPM" id="1"><![CDATA[Saint Pierre and Miquelon]]></country>
		<country value="VCT" id="1"><![CDATA[Saint Vincent]]></country>
		<country value="VC" id="1"><![CDATA[Saint Vincent and the Grenadines]]></country>
		<country value="WSM" id="1"><![CDATA[Samoa]]></country>
		<country value="SMR" id="1"><![CDATA[San Marino]]></country>
		<country value="STP" id="1"><![CDATA[Sao Tome and Principe]]></country>
		<country value="SAU" id="1"><![CDATA[Saudi Arabia]]></country>
		<country value="SEN" id="1"><![CDATA[Senegal]]></country>
		<country value="SRB" id="1"><![CDATA[Serbia]]></country>
		<country value="CS" id="1"><![CDATA[Serbia and Montenegro]]></country>
		<country value="SYC" id="1"><![CDATA[Seychelles]]></country>
		<country value="SLE" id="1"><![CDATA[Sierra Leone]]></country>
		<country value="SGP" id="1"><![CDATA[Singapore]]></country>
		<country value="SVK" id="1"><![CDATA[Slovakia]]></country>
		<country value="SVN" id="1"><![CDATA[Slovenia]]></country>
		<country value="SLB" id="1"><![CDATA[Solomon Islands]]></country>
		<country value="SOM" id="1"><![CDATA[Somalia]]></country>
		<country value="ZAF" id="1"><![CDATA[South Africa]]></country>
		<country value="GS" id="1"><![CDATA[South Georgia and the South Sandwich Islands]]></country>
		<country value="ESP" id="1"><![CDATA[Spain]]></country>
		<country value="LKA" id="1"><![CDATA[Sri Lanka]]></country>
		<country value="SDN" id="1"><![CDATA[Sudan]]></country>
		<country value="SUR" id="1"><![CDATA[Suriname]]></country>
		<country value="SJM" id="1"><![CDATA[Svalbard and Jan Mayen Islands]]></country>
		<country value="SWZ" id="1"><![CDATA[Swaziland]]></country>
		<country value="SWE" id="1"><![CDATA[Sweden]]></country>
		<country value="CHE" id="1"><![CDATA[Switzerland]]></country>
		<country value="SYR" id="1"><![CDATA[Syrian Arab Republic]]></country>

		<country value="TW" id="1"><![CDATA[Taiwan]]></country>
		<country value="TJK" id="1"><![CDATA[Tajikistan]]></country>
		<country value="THA" id="1"><![CDATA[Thailand]]></country>
		<country value="TLS" id="1"><![CDATA[Timor-Leste]]></country>
		<country value="TGO" id="1"><![CDATA[Togo]]></country>
		<country value="TKL" id="1"><![CDATA[Tokelau]]></country>
		<country value="TON" id="1"><![CDATA[Tonga]]></country>
		<country value="TTO" id="1"><![CDATA[Trinidad and Tobago]]></country>
		<country value="TUN" id="1"><![CDATA[Tunisia]]></country>
		<country value="TUR" id="1"><![CDATA[Turkey]]></country>
		<country value="TKM" id="1"><![CDATA[Turkmenistan]]></country>
		<country value="TCA" id="1"><![CDATA[Turks and Caicos Islands]]></country>
		<country value="TUV" id="1"><![CDATA[Tuvalu]]></country>

		<country value="PU" id="1"><![CDATA[U.S. Miscellaneous Pacific Islands]]></country>
		<country value="UGA" id="1"><![CDATA[Uganda]]></country>
		<country value="UKR" id="1"><![CDATA[Ukraine]]></country>
		<country value="ARE" id="1"><![CDATA[United Arab Emirates]]></country>
		<country value="GBR" id="1"><![CDATA[United Kingdom]]></country>
		<country value="TZA" id="1"><![CDATA[United Republic of Tanzania]]></country>
		<country value="UM" id="1"><![CDATA[United States Minor Outlying Islands]]></country>
		<country value="USA" selected="selected" id="1"><![CDATA[United States of America]]></country>
		<country value="URY" id="1"><![CDATA[Uruguay]]></country>
		<country value="UZB" id="1"><![CDATA[Uzbekistan]]></country>

		<country value="VUT" id="1"><![CDATA[Vanuatu]]></country>
		<country value="VEN" id="1"><![CDATA[Venezuela]]></country>
		<country value="VNM" id="1"><![CDATA[Viet Nam]]></country>
		<country value="VIR" id="1"><![CDATA[Virgin Islands]]></country>
		<country value="VI" id="1"><![CDATA[Virgin Islands, U.S.]]></country>

		<country value="WK" id="1"><![CDATA[Wake Island]]></country>
		<country value="WLF" id="1"><![CDATA[Wallis and Futuna Islands]]></country>
		<country value="ESH" id="1"><![CDATA[Western Sahara]]></country>

		<country value="YEM" id="1"><![CDATA[Yemen]]></country>

		<country value="ZMB" id="1"><![CDATA[Zambia]]></country>
		<country value="ZWE" id="1"><![CDATA[Zimbabwe]]></country>
	</countries>
	
	<submitBtn><![CDATA[Submit]]></submitBtn>
	
	<professionalLogo><![CDATA[Medidata Certified Professional Logo:]]></professionalLogo>
	<personalizedCertificate><![CDATA[Personalized Certificate:]]></personalizedCertificate>

	<userLastName><![CDATA[Last Name (English required):]]></userLastName>
	<userFirstName><![CDATA[First Name (English required):]]></userFirstName>
	<userEmailLabel><![CDATA[Email:]]></userEmailLabel>
	
	<userReEmailLabel><![CDATA[Confirm Email:]]></userReEmailLabel>

	<mailingAdd_1><![CDATA[Address Line 1:]]></mailingAdd_1>
	<mailingAdd_2><![CDATA[Address Line 2 (optional):]]></mailingAdd_2>
	<mailingAddCity><![CDATA[City:]]></mailingAddCity>
	<mailingAddState><![CDATA[State/Province/Region:]]></mailingAddState>
	<mailingAddZip><![CDATA[Zip/Postal Code:]]></mailingAddZip>
	<thankYou><![CDATA[Thank You!]]></thankYou>
	<!-- main text and bulleted text is seperated by "___", and bullets are seperated by "__" -->
	<thankYouBody><![CDATA[<b>You have successfully enrolled in the Medidata Professional Certification Program.</b>___You must enter your electronic signature to complete the training.__After you exit the assessment, you will be prompted to enter your Electronic Signature.__Enter your Electronic Signature credentials, then click Sign or Save to submit your signature.__After successfully signing, you will be able to access your Rave studies as well as view or print your certificate.__Click the <b>Exit</b> button in the top right hand corner of the screen to exit the course.]]></thankYouBody>
	<confirmMsg><![CDATA[Your information has been saved. You will receive certificate kit at your mailing address registered with us.]]></confirmMsg>
	<termsOfUse><![CDATA[Terms Of Use]]></termsOfUse>
	<congratulations><![CDATA[Congratulations!]]></congratulations>
	<congratulationBody><![CDATA[Congratulations! You are now eligible to enroll in the Medidata Professional Certification Program. If you choose to enroll, you will carry the credential "Medidata Rave [version] Certified [role]".<BR><BR>The Medidata Professional Certification Program is designed to recognize professionals serving the life science industry. By attaining a certification, you receive formal recognition for your Medidata product skills and experience. Certified individuals can request a personalized certificate and wallet-size card to confirm your certification. As well, you are invited to use the Medidata Certified Professional logo in your business communications, such as email signature, blog/web site, resume and business card. Finally, certifications are portable, so you keep your personal certifications as you advance within your organization or across the industry.<br><br>To enroll in the Medidata Professional Certification Program, click <b>Enroll</b>. To continue without enrolling in the program, click <b>Skip this step</b>.]]></congratulationBody>
	
	<enroll><![CDATA[Enroll]]></enroll>
	<skip><![CDATA[Skip this step]]></skip>
	<skipBody><![CDATA[Please confirm that you do not wish to enroll in the certification process by clicking <B>Skip this step</B>. If you change your mind, you may  contact <font color="#0000FF"><a href="asfunction:fnmailTo"><u>certification@mdsol.com</u></a></font>.]]></skipBody>
	<nextSteps><![CDATA[Next Steps]]></nextSteps>
	<!-- main text and bulleted text is seperated by "___", and bullets are seperated by "__" -->
	<nextStepsInfo><![CDATA[You must enter your electronic signature to complete the training.__After you exit the assessment, you will be prompted to enter your Electronic Signature.__Enter your Electronic Signature credentials, then click Sign or Save to submit your signature.__After successfully signing, you will be able to access your Rave studies as well as view or print your certificate.__Click the <b>Exit</b> button in the top right hand corner of the screen to exit the course.]]></nextStepsInfo>
	
	<userInformation><![CDATA[User Information]]></userInformation>
	
	<userInformationBody><![CDATA[Thank you for electing to enroll in the Medidata Professional Certification Program! Please fill out the form below to complete the enrollment process.]]></userInformationBody>
	
	<userOrganization><![CDATA[Organization/Company:]]></userOrganization>
	
	<eMailAlert><![CDATA[Please enter a valid email address. ]]></eMailAlert>
	
	<reEMailAlert><![CDATA[Email addresses must match. ]]></reEMailAlert>
	
	<confirmDataTitle><![CDATA[Confirm Data]]></confirmDataTitle>
	<confirmDataAlert><![CDATA[Click <b>Submit</b> to confirm the entered data. Click <b>Back</b> to edit the information.]]></confirmDataAlert>
	<confirmDataEdit><![CDATA[<b>Back</b>]]></confirmDataEdit>
	
	
	
	<eMailCertificate><![CDATA[ Yes! Please email me a Medidata Certified Professional logo for use in my business communications.]]></eMailCertificate>
	
	<mailCertificate><![CDATA[ Yes! Please mail me a personalized certificate and wallet-size card to confirm my certification (allow 6-8 weeks for delivery).]]></mailCertificate>
	
	<missingInfoAlert><![CDATA[Please enter the following information:]]></missingInfoAlert>
<userName><![CDATA[John Smith]]></userName>

	<showTask><![CDATA[<b>Show Instruction</b>]]></showTask>
	<showtasks><![CDATA[<b>Show Instructions</b>]]></showtasks>

	<hideTask><![CDATA[<b>Hide Instruction</b>]]></hideTask>
	<hidetasks><![CDATA[<b>Hide Instructions</b>]]></hidetasks>

	<dragTooltip><![CDATA[Drag me]]></dragTooltip>

	<firstLastNameInst><![CDATA[(Please enter your first and last names <b>exactly</b> as you would like them to appear on your personalized certification credentials.)]]></firstLastNameInst>

	<menuAlert><![CDATA[The course menu is not available at this time.]]></menuAlert>

<!--
	<requiredField><![CDATA[<b> <font color = "#FF0000">*</font></b>]]></requiredField>

	<colon><![CDATA[:]]></colon>
-->

<!-- Tags added from MaxGen languageData.xml -->

	<assessmentExitConfirmation><![CDATA[Do you really want to exit this Assessment?]]></assessmentExitConfirmation>

	<back><![CDATA[BACK]]></back> 
	<beginAssessment><![CDATA[<b>Begin Assessment</b>]]></beginAssessment> <!-- not used in New Template -->

	<courseName><![CDATA[Introduction to Designer]]></courseName>

	
	<copyright><![CDATA[<u>© Copyright [calenderYear] Medidata Solutions, Inc. All rights reserved.</u>]]></copyright>



	<copyrightDesc><![CDATA[Information in this document is subject to change without notice. No part of this training may be reproduced or transmitted in any form or by any means, electronic or mechanical, including, but not limited to, photocopying and recording, for any purpose without the express permission of Medidata Solutions, Inc.<br><br>© Copyright [calenderYear] Medidata Solutions, Inc. All rights reserved.]]></copyrightDesc>

	<hr><![CDATA[hr]]></hr>
	<hrs><![CDATA[hours]]></hrs>

	<mint><![CDATA[minute]]></mint>
	<mints><![CDATA[minutes]]></mints>
	
	<nextMaxgen><![CDATA[<b>Next</b>]]></nextMaxgen>
	<nextStepsMaxgen><![CDATA[<b>NEXT STEPS</b>]]></nextStepsMaxgen>
	<!---- Following tags have been added for text content shown in Next Steps swf. -->
	<nextStepsInst1><![CDATA[<b><font color = '#006699'>Step 1</font></b>: After you exit the assessment, you will be prompted to enter your Electronic Signature. You must first read and understand the signature message before entering your electronic signature.]]></nextStepsInst1>
	<nextStepsInst2><![CDATA[<b><font color = '#006699'>Step 2</font></b>: Enter your Electronic Signature credentials and click Sign or Save to submit your signature.]]></nextStepsInst2>
	<nextStepsInst3><![CDATA[<b><font color = '#006699'>Step 3</font></b>: After successfully signing, you will be able to view or print your certificate.]]></nextStepsInst3>

	<remainingTime><![CDATA[<b>REMAINING TIME</b>]]></remainingTime>
	<resume><![CDATA[Resume]]></resume>
	<retry><![CDATA[<b>Retry</b>]]></retry>

	 <timeOutAlert><![CDATA[Assessment has ended because time is up.]]></timeOutAlert>



</data>