<menu>
	<module name="Welcome" modType="welcome">
		<page id="1" data="Welcome"  label="Welcome to the Medidata Rave� Training Program" pageType="normal" frames="205" fileType="swf"/>
    </module>
	
	<module name="Getting Started" modType="normal">
		<page id="1" data="gs_01"  label="Objectives" pageType="normal" frames="315" fileType="swf" border="true"/>
		<page id="2" data="gs_02"  label="Login Page" pageType="normal" frames="1701" fileType="swf" border="true"/>
		<page id="3" data="gs_03"  label="Retrieve Lost Password" pageType="normal" frames="1225" fileType="swf" border="true"/>
		<page id="4" data="gs_04"  label="Summary" pageType="normal" frames="230" fileType="swf" border="true"/>
	</module>
	
	
	<module name="Navigation" modType="normal">	
		<page id="1" data="edc_1_br_01"  label="Objectives" pageType="normal"  frames="1095" fileType="swf" border="true"/>		
		<page id="2" data="edc_1_02"  label="Rave Navigation Overview" pageType="normal"  frames="1145" fileType="swf" border="true"/> 
		<page id="3" data="edc_1_03"  label="My Profile" pageType="normal"  frames="2202" fileType="swf" border="true"/> 
		<page id="4" data="edc_1_04"  label="My Profile - Changing Your Password" pageType="normal"  frames="1047" fileType="swf"	 border="true"/>
		<page id="5" data="edc_1_05"  label="Practice - Change Password" pageType="practice"  frames="354" fileType="swf" border="true"/> 
		<page id="6" data="edc_1_06"  label="Messages" pageType="normal"  frames="1059" fileType="swf" border="true"/> 
		<page id="7" data="edc_1_07"  label="Icon Definitions" pageType="normal"  frames="368" fileType="swf" border="true"/>	
		<page id="8" data="edc_1_br_08"  label="Accessing Studies From the Rave Homepage" pageType="normal"  frames="2395" fileType="swf" border="true"/> 		
		<page id="9" data="edc_1_br_09"  label="Assessment - Rave Homepage" pageType="practice"  frames="457" fileType="swf" border="true"/>		
		<page id="10" data="edc_1_br_10"  label="Selecting a Site" pageType="normal"  frames="1655" fileType="swf" border="true"/> 		
		<page id="11" data="edc_1_br_11"  label="Accessing Subjects via the Subject Listing Page" pageType="normal"  frames="772" fileType="swf" border="true"/>
		<page id="12" data="edc_1_br_12"  label="Subject Homepage" pageType="normal"  frames="1020" fileType="swf" border="true"/>
		<page id="13" data="edc_2_cra_05"  label="Assessment - Subject Homepage" pageType="practice"  frames="557" fileType="swf" border="true"/>		
		<page id="14" data="edc_1_br_14"  label="Subject Matrix" pageType="normal"  frames="1370" fileType="swf" border="true"/>	
		<page id="15" data="edc_1_br_15"  label="Subject Summary" pageType="normal"  frames="640" fileType="swf" border="true"/>	
		<page id="16" data="edc_1_11"  label="Timeouts" pageType="normal"  frames="2290" fileType="swf" border="true"/>
		<page id="17" data="edc_1_br_17"  label="Summary" pageType="normal"  frames="390" fileType="swf" border="true"/>		
	</module>	

	<module name="eCRFs and Subject Data" modType="normal">	
		<page id="1" data="edc_2_br_01"  label="Objectives" pageType="normal" frames="620" fileType="swf"  border="true"/>
		<page id="2" data="edc_2_br_02"  label="eCRF Layout" pageType="normal" frames="735" fileType="swf"  border="true"/> 
		<page id="3" data="edc_2_br_03"  label="Data Status Icon Definitions" pageType="practice" frames="156" fileType="swf"  border="true"/>
	<page id="4" data="edc_2_br_04"  label="Assessment - Icons" pageType="practice" frames="410" fileType="swf"  border="true"/>
		<page id="5" data="edc_2_br_05"  label="Data Status Icons" pageType="normal" frames="1185" fileType="swf"  border="true"/>
		<page id="6" data="edc_3_cra_05"  label="Log Forms" pageType="normal" frames="2373" fileType="swf"  border="true"/>
		<page id="7" data="edc_2_br_07"  label="Landscape Mode Log Forms" pageType="normal" frames="295" fileType="swf"  border="true"/>
		<page id="8" data="edc_2_br_08"  label="Portrait Mode Log Forms" pageType="normal" frames="1603" fileType="swf"  border="true"/>
		<page id="9" data="edc_2_br_09"  label="Accessing Grid View" pageType="normal" frames="2335" fileType="swf"  border="true"/>
		<page id="10" data="edc_2_br_10"  label="Viewing CRF Attachments" pageType="normal" frames="1666" fileType="swf"  border="true"/>
		<page id="11" data="edc_2_br_11"  label="Summary" pageType="normal" frames="345" fileType="swf"  border="true"/>
	</module>	

<module name="Additional Subject Information" modType="normal">	
		<page id="1" data="edc_3_br_01"  label="Objectives" pageType="normal"  frames="490" fileType="swf"  border="true"/>		
		<page id="2" data="edc_3_br_02"  label="Queries" pageType="normal"  frames="1658" fileType="swf"  border="true"/>		
		<page id="3" data="edc_3_br_03"  label="Protocol Deviations" pageType="normal" frames="909" fileType="swf"  border="true"/>		
		<page id="4" data="edc_3_br_04"  label="Electronic Signature" pageType="normal"  frames="1089" fileType="swf"  border="true"/>		
		<page id="5" data="edc_3_cra_06"  label="Audit Trail" pageType="normal"  frames="1709" fileType="swf"  border="true"/>		
		<page id="6" data="edc_3_cra_07"  label="Assessment - Audit Trail" pageType="practice"  frames="645" fileType="swf"  border="true"/>		
		<page id="7" data="edc_3_br_07"  label="Summary" pageType="normal"  frames="295" fileType="swf"  border="true"/>			
	</module>	

<module name="Next Steps" modType="normal">	
		<page id="1" data="pa_01"  label="What to do Next" pageType="normal" frames="515" fileType="swf"  border="true"/>
		<page id="2" data="pa_02"  label="Entering Your Electronic Signature" pageType="normal"  frames="2380" fileType="swf" border="true"/>
		<page id="3" data="pa_03"  label="Printing Your Certificate" pageType="normal" frames="928" fileType="swf" border="true"/>
		<page id="4" data="pa_04"  label="Summary" pageType="normal" frames="506" fileType="swf" border="true"/>

</module>	

<module name="Post Assessment" modType="assessment">
		<page id="1" data="PostAssessment"  label="Course Assessment" pageType="assessment" image="PostAssessment_Image.png" frames="25" fileType="swf" />
	</module>

</menu>