<data>
         
           <img id="1" name="center_03.jpg"/>
           <img id="2" name="corner_01.jpg"/>
           <img id="3" name="corner_02.jpg"/>
		   <img id="4" name="footer.jpg"/>
           <img id="5" name="header.png"/>
		   <img id="6" name="help.swf"/>
		   <img id="7" name="icon.swf"/>
		   <img id="8" name="iconReview.swf"/>
		   <img id="9" name="intro.swf"/>
		   <img id="10" name="menuIcon.swf"/>
           <img id="11" name="logo.png"/>
		   <img id="12" name="spacer.gif"/>
		   <img id="13" name="html_logo.jpg"/>
		   <img id="14" name="transcrip_bg1.jpg"/>
		   <img id="15" name="certification_logo.png"/>
           <img id="16" name="certificate.swf"/>
		   
</data>