<?xml version="1.0" encoding="UTF-8"?>
<config>
	<passingScore>80</passingScore>
	<scorm_CMI_Interactions>true</scorm_CMI_Interactions>
	
	<!-- Switch for transcriptWindow behavior are: internal / external
		internal: draggable Transcript window inside the course shell
		external: resizable HTML pop-up window
	-->
	<transcriptWindow>external</transcriptWindow>
	
	<!-- Switch for course auto navigation: true / false 
	true: course will advance automatically
	false: users will click on the next button to proceed	
	-->
	<autoNavigation>false</autoNavigation>	
	
	<!-- Switch for controlling the dispaly of versioninfo in a debug window. Default is false. Possible values are true / false -->
	<showTrackingData>false</showTrackingData>

	<!-- Switch for displaying intro animation at the start of the course. Default is true. Possible values are true / false 
	true: No intro animation will be launched, course jumps to Welcome Screen
	false: will launch intro.swf (stored under UI_assets folder) as the first screen before UI is loaded
		-->
	<displayIntro>true</displayIntro>

	<!-- Still in development Switch for controlling the Automatic display of Course Menu, Default is false. Possible values are true / false 
	true: Course Menu will come opened automatically as the first thing after loading Course Shell UI. This may be needed for any custom courses in future where training files are other than SWFs and FLVs.
	false: default collapsed state, will open after user clicks the Course Menu button
		-->
	<menuAutoOpen>false</menuAutoOpen>

<!-- Switch for tracking completion status (100% score + lesson_status = completed in case of SCORM) in Rave and iMedidata, the possible tracking modes are:-
		(1) Default mode, completion status will be sent via post_assessment.swf on the basic of user score being >= passing score
		(2) for courses without post assessment, completion status will be sent after all frames in the course are visited in any order. 
		(3) for courses without post assessment and without any mandatory condition of visiting all frames, completion status will be sent on the visit of last frame of the last module. Please note if there is a post assessment present in the course, it will be not be treated as the last frame of last module, completion status will still be sent on visit of last frame of the last content module.
		(4) Completion status will be sent via a custom code in any frame. That frame should have code to execute the communication methods for Rave and iMedidata.
	-->
	<trackingMode>1</trackingMode>

	<!-- Switch for controlling the display of play/pause/replay control. Possible values are enable/disable/disappear	
	enable: normal state
	disable: Non-functional controls appearing in disbaled state
	disappear: Removed  from the course shell UI
	-->
	<playPauseState>enable</playPauseState>

	<!-- Switch for controlling the display of progressbar control. Possible values are enable/disable/disappear	
	enable: normal state
	disable: Non-functional controls appearing in disbaled state
	disappear: Removed  from the course shell UI
	-->
	<progressBarState>enable</progressBarState>

<!-- Switch for controlling the display of transcript button. Possible values are enable/disable/disappear	
	enable: normal state
	disable: Non-functional button appearing in disbaled state
	disappear: Removed  from the course shell UI
	-->
	<transcriptState>enable</transcriptState>

	<!-- Switch for controlling the display of Audio button. Possible values are enable/disable/disappear	
	enable: normal state
	disable: Non-functional button appearing in disbaled state
	disappear: Removed  from the course shell UI
	-->
	<audioState>enable</audioState>


	
	<!-- Switch for controlling the display of Help button. Possible values are enable/disable/disappear	
		enable: normal state
		disable: Non-functional button appearing in disbaled state
		disappear: Removed  from the course shell UI
	-->
	<helpState>enable</helpState>

	<!-- Switch for controlling the display of Course Menu button. Possible values are enable/disable/disappear	
		enable: normal state
		disable: Non-functional button appearing in disbaled state
		disappear: Removed  from the course shell UI
	-->
	<courseMenuState>enable</courseMenuState>

	<!-- Switch for controlling the display of Resources button. Possible values are enable/disable/disappear	
	enable: normal state
	disappear: Removed  from the course shell UI
	-->
	<resourceState>enable</resourceState>

	<!-- Switch for controlling the display of Next and Previous buttons. Possible values are enable/disable/disappear	
	enable: normal state
	disappear: Removed  from the course shell UI
	-->
	<nextPreviousState>enable</nextPreviousState>

	<!-- Switch for controlling the display of Frame Number text field. Possible values are enable/disappear	
	enable: normal state
	disappear: Removed  from the course shell UI
	-->
	<frameNumberState>enable</frameNumberState>
	
	<!-- Switch for controlling the exit button state when course complete-->
	<highlightExitOnComplete>true</highlightExitOnComplete>



	<!-- Switch for display the Next button highlighted when frame complete-->
	<highlightNextButton>false</highlightNextButton>



	<!-- Switch to include Certification Page and Module. Possible values are true/false. Setting it "true" will include the page and module. With "false", page and module won't show up. -->
	
	<includeCertification>false</includeCertification>

	<!-- form name for elqForm -->
	<elqFormName>PIMail</elqFormName>
	
	<!-- Switch for controlling the Review Mode to enable Add Feedback link in shell. Expected Values: True and Flase. True will set the Review Mode on and Add Feedback link is available in shell. Flase will act opposite.-->
	
	<reviewModeOn>false</reviewModeOn>	
	<!-- Switch for debugger -->
	<displayDebugger>true</displayDebugger>
	
	<!-- review containing values as ||google page path ~~ page width ~~ page height|| in the following tag-->
	
	<reviewFormPath><![CDATA[dEtFZkZwMU1HeGo0SjdYOWNuZ2hiQ2c6MA~~800~~600]]></reviewFormPath>
	
	<!-- moduleInfoInCourseMenu containing the type of information to be displayed in course menu with Module title the possible values are "totalTime" or "totalPages" or "blank" default value is "totalTime"-->	
	<moduleInfoInCourseMenu>totalTime</moduleInfoInCourseMenu>
	
	<!-- showTimeoutAlert containing the value either to show the timeout alert when session expires or to not show. possible values are true/false-->	
	<showTimeoutAlert>true</showTimeoutAlert>
	
	<!-- timeoutInterval is the interval time for re-activate session (time is in Seconds)-->
	<timeoutInterval>60</timeoutInterval>
	<googleFormKeyForEloquaCert><![CDATA[dElnZi1vdUo1eHdJbjlFTkVOS0dNWkE6MA~~~dDBvZVdzVjVYdFVUcWN3WHVCdmY0SUE6MA]]></googleFormKeyForEloquaCert>
	<!-- Switch to change thebackground color of content area when "imageSWF" is used. Possible values are true/false-->	
	<changeImageSWFBgColor>true</changeImageSWFBgColor>
	<imageSWFBgColor1>#ffff00</imageSWFBgColor1>
	<imageSWFBgColor2>#00ffff</imageSWFBgColor2>
	
	<!-- Following two tags are used for eLearning Questionnaire switch, Form Path and respective one of the two Google Form keys -->
	<includeElearnQuestionnaire>true</includeElearnQuestionnaire>
	
	<elearnQuestionnairePaths><![CDATA[https://elearning-resources.s3.amazonaws.com/questionnaires/end-of-pa/loadQuestionnaire.html]]></elearnQuestionnairePaths>
	
	

</config>