		<helpContent>
	<pointText  xPos="" yPos=""  posture="">
		<![CDATA[Point to each highlighted area to learn more about the specific area. <br>Press Esc to exit help.]]>
	</pointText>

	<exitText><![CDATA[To exit help, press ESC or <font color="#0000ff"><u><a href="asfunction:fnCloseHelp">click here</a></u></font>.]]></exitText>
	
	<courseTitle  heading= "" xPos="50" yPos="65" posture="TR">
		<![CDATA[<p class='helpHeadingText'>Course Title</p><br><p class='helpText'>The name of the course.</p>]]>
	</courseTitle>
	
	<frameTitle  heading= "" xPos="150" yPos="100" posture="TR">
		<![CDATA[<p class='helpHeadingText'>Page Title</p><br><p class='helpText'>The name of the current page.</p>]]>
	</frameTitle>	

	<moduleTitle heading = "" xPos="35" yPos="100"  posture="TR">
		<![CDATA[<p class='helpHeadingText'>Module Title</p><br><p class='helpText'>The name of the current module.</p>]]>
	</moduleTitle>

	<resources  heading = "" xPos="580" yPos="100"  posture="TL">
		<![CDATA[<p class='helpHeadingText'>Resources</p><br><p class='helpText'>A menu of available course resources.</p>]]>
	</resources>	
	<help heading = "" xPos="650" yPos="100" posture="TL">
		<![CDATA[<p class='helpHeadingText'>Help</p><br><p class='helpText'>Describes the User Interface.<br><br>Press <b>Esc</b> to exit help.</p>]]>
	</help>	
	<exit heading = "" xPos="705" yPos="100" posture="TL">
		<![CDATA[<p class='helpHeadingText'>Exit</p><br><p class='helpText'>Click <b>Exit</b> to exit from this course.</p>]]>
	</exit>	

	<exit_mode1 heading = "" xPos="708" yPos="102" posture="TL">
		<![CDATA[<p class='helpHeadingText'>Exit</p><br><p class='helpText'>Click <b>Exit</b> to exit from this course.</p>]]>
	</exit_mode1>	

	<!-- Course Menu  -->
	<menuButton heading = "" xPos="63" yPos="455"  posture="ML">
		<![CDATA[<p class='helpHeadingText'>Course Menu</p><br><p class='helpText'>A list of modules and corresponding pages for the course.<br><bR><font color = '#0033cc'>Click <b>Course Menu</b> to learn more.</font></p>]]>
	</menuButton>
	<!-- in 'menu_tabs' the path attribute will carry only image name without path-->
	<menu_tabs heading = "" xPos="315" yPos="110"  posture="ML" path="menuIcon.swf">
		<![CDATA[<p class='helpHeadingText'>Course Menu</p><br><p class='helpText'>The Course Menu shows the different statuses of the modules and pages as shown below:<br></p>]]>
	</menu_tabs>
	<vm_txt heading = "" xPos="" yPos=""  posture=""><![CDATA[Module complete.]]></vm_txt>
	<cm_txt heading = "" xPos="" yPos=""  posture=""><![CDATA[Current module.]]></cm_txt>
	<fm_txt heading = "" xPos="" yPos=""  posture=""><![CDATA[Module incomplete.]]></fm_txt>
	<vp_txt heading = "" xPos="" yPos=""  posture=""><![CDATA[Page viewed.]]></vp_txt>
	<cp_txt heading = "" xPos="" yPos=""  posture=""><![CDATA[Current page.]]></cp_txt>
	<fp_txt heading = "" xPos="" yPos=""  posture=""><![CDATA[Page yet to be viewed.]]></fp_txt>
	<end_txt heading = "" xPos="" yPos=""  posture=""><![CDATA[<font color = '#0033cc'>Click <b>Course Menu</b> to close the menu.</font>]]></end_txt>
	<menu_upDown heading = "" xPos="200" yPos="425"  posture="BR"><![CDATA[<p class='helpHeadingText'>Menu Scroll Buttons</p><br><p class='helpText'>Click <b>up</b> or <b>down</b> to view additional modules.<br><br><font color = '#0033cc'>Click <b>Course Menu</b> to close the menu.</font></p>]]></menu_upDown>
	<!--------->

	<!-- bellow two nodes will be used if there is only 1 module in the menu xml -->
	<mod2_Alt_txt>Module 2 </mod2_Alt_txt>
	<mod2_Alt_time_txt>Module Time </mod2_Alt_time_txt>
	<!-- -->	

	
	<playPause heading = "" xPos="2" yPos="410"  posture="BR">
		<![CDATA[<p class='helpHeadingText'>Play, Pause, Replay</p><br><p class='helpText'>The function for this button will change.<br><br>Click <b>Pause</b> to stop the current page. <br><br>Click <b>Play</b> to start the current page.<br><br>Click <b>Replay</b> to review the current page. </p>]]>
	</playPause>	
	<progressBar heading = "" xPos="220" yPos="440"  posture="BR">
		<![CDATA[<p class='helpHeadingText'>Progress Bar</p><br><p class='helpText'>Displays the status of your progress on the current page. <br><br>You can also use this tool to fast forward or review the current page.</p>]]>
	</progressBar>	
	<frameNumber heading = "" xPos="293" yPos="485" posture="BL">
		<![CDATA[<p class='helpHeadingText'>Page Number</p><br><p class='helpText'>Displays the current page number of the module.</p>]]>
	</frameNumber>	
	<transcript  heading = "" xPos="405" yPos="100"  posture="BL">
		<![CDATA[<p class='helpHeadingText'>Transcript</p><br><p class='helpText'>Click <b>Transcript</b> to view the narrated text of the course.</p>]]>
	</transcript>	
	<sound heading = "" xPos="515" yPos="485"  posture="BL">
		<![CDATA[<p class='helpHeadingText'>Audio</p><br><p class='helpText'>Click <b>Audio</b> to listen to the course narration. </p>]]>
	</sound>	
	<back heading = "" xPos="610" yPos="485"  posture="BL">
		<![CDATA[<p class='helpHeadingText'>Previous</p><br><p class='helpText'>Click <b>Previous</b> to go to the previous page. </p>]]>
	</back>	
	<next heading = "" xPos="390" yPos="500"  posture="BL">
		<![CDATA[<p class='helpHeadingText'>Next</p><br><p class='helpText'>Click <b>Next</b> to go the next page.</p>]]>
	</next>	
	<frame heading = "" xPos="345" yPos="250" posture="">
		<![CDATA[<p class='helpHeadingText'>Content Area</p><br><p class='helpText'>The content for this page may include text, animations, quizzes, and hands on exercises.</p>]]>
	</frame>	
	<wframe heading = "" xPos="345" yPos="250" posture="">
		<![CDATA[<p class='helpHeadingText'>Welcome Page</p><br><p class='helpText'>This page is an introduction to the course.</p>]]>
	</wframe>
	
	
	<!--  Post Assessment Help Content -->
	
	<!--
	<pointTextPA  xPos="" yPos=""  posture="">
		<![CDATA[This Page is under construction.]]>
	</pointTextPA> -->
	
	
	<quesNo heading = "" xPos="75" yPos="147" posture="TR">
		<![CDATA[<p class='helpHeadingText'>Question Number</p><br><p class='helpText'>Displays the current question number and the total number of questions.</p>]]>
	</quesNo>
	
	<jumpQues heading = "" xPos="628" yPos="135" posture="TL">
		<![CDATA[<p class='helpHeadingText'>Jump to Question</p><br><p class='helpText'>Enter a number in the text field and click <b>Go</b> to jump directly to a question.</p>]]>
	</jumpQues>
	
	<assessCompletionStatus heading = "" xPos="510" yPos="135" posture="MR">
		<![CDATA[<p class='helpHeadingText'>Assessment Status Indicator</p><br><p class='helpText'>Displays the percentage of questions completed.</p>]]>
	</assessCompletionStatus>
	
	<quesSummary heading = "" xPos="473" yPos="250" posture="MR">
		<![CDATA[<p class='helpHeadingText'>Question Summary</p><br><p class='helpText'>Indicates whether a question is answered or unanswered. Also indicates the question being viewed. <br><br>Click a question number to jump directly to that question. <br><img src="UI_assets/icon.swf" hspace="-1" vspace="15" align="left"><br>Question is answered.<br><br>Question is unanswered.<br><br>Question being viewed currently.<br></p>]]>
	</quesSummary>
	
	<nextQuesButton heading = "" xPos="665" yPos="485" posture="BL">
		<![CDATA[<p class='helpHeadingText'>Next Question</p><br><p class='helpText'>Click <b>Next Question</b> to go to the next question in the assessment.</p>]]>
	</nextQuesButton>
	
	<prevQuesButton heading = "" xPos="515" yPos="470" posture="BL">
		<![CDATA[<p class='helpHeadingText'>Previous Question</p><br><p class='helpText'>Click <b>Previous Question</b> to go back to the previous question in the assessment.</p>]]>
	</prevQuesButton>
	
	<clearQuestion heading = "" xPos="615" yPos="485" posture="BL">
		<![CDATA[<p class='helpHeadingText'>Reset</p><br><p class='helpText'>Click <b>Reset</b> to clear your answer and start over again.</p>]]>
	</clearQuestion>
	
	<finishAssess heading = "" xPos="600" yPos="425" posture="BL">
		<![CDATA[<p class='helpHeadingText'>Finish Assessment</p><br><p class='helpText'>Click <b>Finish Assessment</b> to end the assessment.</p>]]>
	</finishAssess>
	
	<mainMenu  heading = "" xPos="580" yPos="102"  posture="TL">
		<![CDATA[<p class='helpHeadingText'>Main Menu</p><br><p class='helpText'>This text is to be updated.</p>]]>
	</mainMenu>	
	
	
	<!-- below each nodes is containg tool tip for the respective question type in post assessment help, for every tool tip the position will be set on the 'commonQuestion' tag-->
	<commonQuestion heading = "" xPos="225" yPos="300" posture="T"><![CDATA[]]></commonQuestion>

	<DDM heading = "" XPos="" YPos="" xPos="" yPos="" posture="">
		<![CDATA[<p class='helpHeadingText'>Question and Options</p><br><p class='helpText'><b>Dropdown Menu Question</b>: Select the correct response from each dropdown menu.</p>]]>
	</DDM>	
	<FIB heading = "" XPos="" YPos="" xPos="" yPos="" posture="">
		<![CDATA[<p class='helpHeadingText'>Question and Options</p><br><p class='helpText'><b>Fill in the Blank Question</b>: Type the correct answer(s) into the text box(es).</p>]]>
	</FIB>
	<MCQ heading="" XPos="" YPos="" xPos="" yPos="" posture="">
		<![CDATA[<p class='helpHeadingText'>Question and Options</p><br><p class='helpText'><b>Multiple Choice Question</b>: Select the correct answer. There is only one correct answer.</p>]]>
	</MCQ> 
	<MMCQ heading = "" XPos="" YPos="" xPos="" yPos="" posture="">
		<![CDATA[<p class='helpHeadingText'>Question and Options</p><br><p class='helpText'><b>Multiple Response Question</b>: Select ALL the correct answers. There may be more than one correct answer.</p>]]>
	</MMCQ>
	<SEQ heading = "" XPos="" YPos="" xPos="" yPos="" posture="">
		<![CDATA[<p class='helpHeadingText'>Question and Options</p><br><p class='helpText'><b>Sequencing Question</b>: Drag and drop the items into the proper order.</p>]]>
	</SEQ>
	<MTF heading = "" XPos="" YPos="125" xPos="" yPos="" posture="">
		<![CDATA[<p class='helpHeadingText'>Question and Options</p><br><p class='helpText'><b>Matching Question</b>: Drag and drop the items to match them.</p>]]>
	</MTF>
	<!------------------------------>
	
	<wframePA heading = "" xPos="345" yPos="250" posture="">
		<![CDATA[<p class='helpHeadingText'>Welcome Page</p><br><p class='helpText'>This page is an introduction to the post assessment for this course. It provides relevant information for taking the post assessment.</p>]]>
	</wframePA>

	<examId heading = "" xPos="45" yPos="493" posture="BR">
		<![CDATA[<p class='helpHeadingText'>Assessment Id</p><br><p class='helpText'>This is an unique reference ID that is assigned to this Assessment.</p>]]>
	</examId>
	
	<pageTitle heading = "" xPos="40" yPos="151" posture="TR">
		<![CDATA[<p class='helpHeadingText'>Result Screen</p><br><p class='helpText'>Results of the assessment are displayed.</p>]]>
	</pageTitle>
	
	<feedbackText heading = "" xPos="445" yPos="320" posture="TR">
		<![CDATA[<p class='helpHeadingText'>Feedback</p><br><p class='helpText'>Assessment feedback is displayed.</p>]]>
	</feedbackText>
	<feedbackText_full heading = "" xPos="445" yPos="260" posture="">
		<![CDATA[<p class='helpHeadingText'>Feedback</p><br><p class='helpText'>Assessment feedback is displayed.</p>]]>
	</feedbackText_full>

	<nextBtn heading = "" xPos="675" yPos="370" posture="TL">
		<![CDATA[<p class='helpHeadingText'>Next</p><br><p class='helpText'>Click this button to review the next question in the assessment.</p>]]>
	</nextBtn>

	<backBtn heading = "" xPos="35" yPos="370" posture="TR">
		<![CDATA[<p class='helpHeadingText'>Back</p><br><p class='helpText'>Click this button to review the previous question in the assessment.</p>]]>
	</backBtn>
	
	<quesList2 heading = "" xPos="250" yPos="365" posture="TL">
		<![CDATA[<p class='helpHeadingText'>Question List</p><br><p class='helpText'>A list of all the questions in the assessment. Click a question number to review that question.<br><img src="UI_assets/iconReview.swf" hspace="-1" vspace="12" align="left"><br>The question number being reviewed<br><br>Question answered correctly<br><br>Question answered incorrectly<br><br>Question not attempted<br><br></p>]]>
	</quesList2>

	<reviewPane heading = "" xPos="145" yPos="272" posture="BL">
		<![CDATA[<p class='helpHeadingText'>Review Pane</p><br><p class='helpText'>Displays the selected question being reviewed.</p>]]>
	</reviewPane>

	<correctOption heading = "" xPos="528" yPos="325" posture="MR">
		<![CDATA[<p class='helpHeadingText'>Your Selection, Correct Choices</p><br><p class='helpText'><br>Display depends on the question type of the question being reviewed.<br><br><b>Your Selection:</b> The choice(s) that were selected will be displayed.<br><br><b>Correct Choices:</b> The correct choice(s) will be displayed.<br><br>For questions that were skipped or partially answered: <b>Question not attempted</b> will be displayed.</p>]]>
	</correctOption>

	<!--
	<exit2 heading = "Exit Button" xPos="375" yPos="505" posture="BL">
		<![CDATA[Exit button dummy text.]]>
	</exit2> -->

	<retakeAssessment heading = "" xPos="170" yPos="485" posture="BL">
		<![CDATA[<p class='helpHeadingText'>Retake Assessment</p><br><p class='helpText'>Click <b>Retake Assessment</b> to retake the assessment.</p>]]>
	</retakeAssessment>
	
	<restartCourse heading = "" xPos="330" yPos="485" posture="BL">
		<![CDATA[<p class='helpHeadingText'>Restart Course</p><br><p class='helpText'>Click <b>Restart Course</b> to restart the course.</p>]]>
	</restartCourse>

	<certificationBtn heading = "" xPos="700" yPos="485" posture="BL">
		<![CDATA[<p class='helpHeadingText'>Next</p><br><p class='helpText'>Click <b>Next</b> to enroll into Medidata Professional Certification Program.</p>]]>
	</certificationBtn>

	

	
	
	<!-- 
	<home heading = "Home" xPos="608" yPos="115"  posture="TL">
		<![CDATA[Click Home to return to the home page of this course where you can choose an individual training module. ]]>
	</home>
	
	-->
	
	
	<!--
	<userName heading = "User Name" xPos="663" yPos="150"  type="box" posture="TL">
		<![CDATA[User name displays the name of the user currently taking the course.]]>
	</userName> 
	
	<time heading = "Time" xPos="165" yPos="475"  type="box" posture="BR">
		<![CDATA[Shows the time that you have spent in this course since logging in against the total time allocated for the module.]]>
	</time>
	
	<navigationalHelp heading = "Navigational Help" xPos="" yPos=""  posture="">
		<![CDATA[Navigational Help]]>
	</navigationalHelp>
	
	<frameNames heading = "Frame Names" xPos="260" yPos="280"  posture="TR">
		<![CDATA[Click a frame name to open it directly from the menu. Your current frame will be highlighted. Frames you have completed will be marked with a check mark. ]]>
	</frameNames>
	
	
	<closeHelp xPos="" yPos=""  posture="">
		<![CDATA[EXIT HELP]]>
	</closeHelp>
	-->
</helpContent>