<data>     
	<uiFiles>
		<img id="1" name="center_03.jpg"/>
		<img id="2" name="corner_01.jpg"/>
		<img id="3" name="corner_02.jpg"/>
		<!--<img id="4" name="course_menu.png"/>-->
		<img id="5" name="footer.jpg"/>
		<img id="6" name="header.png"/>
		<img id="7" name="intro.swf"/>
		<img id="8" name="../../../../sharedLibraryForFrames.swf"/>
		<!-- <img id="8" name="icon.swf"/> -->
		<!-- <img id="9" name="iconReview.swf"/> -->		
		<img id="11" name="menuIcon.swf"/>
		<img id="12" name="logo.png"/>
		<img id="13" name="spacer.gif"/>
		<img id="14" name="html_logo.jpg"/>
		<img id="15" name="transcrip_bg1.jpg"/>
		<img id="16" name="certification_logo.png"/>
	</uiFiles>
	<!-- reference as nodeName and the text formationg style sheet class associated with reference as nodeValue -->
	<uiTextFormating>
		<!-- course Name -->
		<courseName_shell>sectionText</courseName_shell>
		
		<!-- resources button -->
		<resourcesBtn_shell_normal>helpHomeExitText</resourcesBtn_shell_normal>
		<resourcesBtn_shell_over>helpHomeExitRolloverText</resourcesBtn_shell_over>
		<resourcesBtn_shell_disable>helpHomeExitTextDisable</resourcesBtn_shell_disable>
		<!-- resources dropdown menu -->
		<resourcesOptionText>resourceMenu</resourcesOptionText>
		
		<!-- main menu button -->
		<mainMenuBtn_shell_normal>helpHomeExitText</mainMenuBtn_shell_normal>
		<mainMenuBtn_shell_over>helpHomeExitRolloverText</mainMenuBtn_shell_over>
		<mainMenuBtn_shell_disable>helpHomeExitTextDisable</mainMenuBtn_shell_disable>
		
		<!-- help button -->
		<helpBtn_shell_normal>helpHomeExitText</helpBtn_shell_normal>
		<helpBtn_shell_over>helpHomeExitRolloverText</helpBtn_shell_over>
		<helpBtn_shell_disable>helpHomeExitTextDisable</helpBtn_shell_disable>
		
		<!-- exit button -->
		<exitBtn_shell_normal>helpHomeExitText</exitBtn_shell_normal>
		<exitBtn_shell_over>helpHomeExitRolloverText</exitBtn_shell_over>
		<exitBtn_shell_disable>helpHomeExitTextDisable</exitBtn_shell_disable>
		
		<!-- next button -->
		<nextBtn_shell_normal>shellBottomNavigationButtonsLabels</nextBtn_shell_normal>		
		<nextBtn_shell_disable>shellBottomNavigationButtonsLabelsInactive</nextBtn_shell_disable>
		
		<!-- Style used for label of Next Step button that appear on the bootom of shell, when you pass the Post Assessment and  'includeCertification' switch is set to true  -->

		<nextStepsBtn>nextStepsButtonLabel</nextStepsBtn>
		
		<!-- previous button -->
		<previousBtn_shell_normal>shellBottomNavigationButtonsLabels</previousBtn_shell_normal>		
		<previousBtn_shell_disable>shellBottomNavigationButtonsLabelsInactive</previousBtn_shell_disable>
		
		<!-- transcript button -->
		<transcriptBtn_shell_normal>helpHomeExitText</transcriptBtn_shell_normal>		
		<transcriptBtn_shell_disable>helpHomeExitTextDisable</transcriptBtn_shell_disable>
		<transcriptBtn_shell_over>helpHomeExitRolloverText</transcriptBtn_shell_over>
		<internalTranscriptHeading>trasncriptTitle1</internalTranscriptHeading>
		<internalTranscriptHeading_shadow>trasncriptTitle2</internalTranscriptHeading_shadow>
		<internalTranscriptText>transcriptText</internalTranscriptText>
		
		<!-- audio button -->
		<audioBtn_shell_normal>shellBottomNavigationButtonsLabels</audioBtn_shell_normal>		
		<audioBtn_shell_disable>shellBottomNavigationButtonsLabelsInactive</audioBtn_shell_disable>	
		
		<!-- Menu styles -->
		<menuMenuHeading>menuMenuHeading</menuMenuHeading>
		<menuMenuCloseToolTip>menuMenuCloseToolTip</menuMenuCloseToolTip>
		<menuModuleLinkFresh>newMenuModuleLinkFresh</menuModuleLinkFresh>
		<menuModuleLinkRollOver>menuModuleLinkRollOver</menuModuleLinkRollOver>
		<menuModuleLinkOpen>newMenuModuleLinkOpen</menuModuleLinkOpen>
		<menuModuleLinkVisited>newMenuModuleLinkFresh</menuModuleLinkVisited>		
		
		<menuModuleTimeFresh>newMenuModuleTimeFresh</menuModuleTimeFresh>
		<newMenuModuleTimeRollOver>newMenuModuleTimeRollOver</newMenuModuleTimeRollOver>
		<menuModuleTimeOpen>newMenuModuleTimeClicked</menuModuleTimeOpen>
		<menuModuleTimeVisited>newMenuModuleTimeFresh</menuModuleTimeVisited>
		
		<menuPageLinkFresh>newMenuPageLinkFresh</menuPageLinkFresh>
		<menuPageLinkRollOver>menuPageLinkRollOver</menuPageLinkRollOver>
		<menuCurrentPageLink>newMenuCurrentPageLink</menuCurrentPageLink>
		<newMenuPageLinkVisited>newMenuPageLinkChecked</newMenuPageLinkVisited>
		<!-- Alert Body Style while clicking menu button from post assessment question area -->
		<menuAlertFromPA>alertContentText</menuAlertFromPA>
		
		<modulePageCounter>pageStatus</modulePageCounter>
		<headingBreadcrumb>headingText</headingBreadcrumb>

		<!-- Seek Bar styles -->
		<seekTimeCovered_txt>timeTextLeft</seekTimeCovered_txt>
		<seekTimeLeft_txt>timeTextRight</seekTimeLeft_txt>

		<!-- Course Button -->
		<courseButtonText>submitBtnText</courseButtonText>
		<courseButtonBgText>submitBtnBgText</courseButtonBgText>	

		<!-- BookMarkAlert -->
		<bookMarkAlertTitleText>exitOverText</bookMarkAlertTitleText>
		<bookMarkAlertTitleBgText>exitBgText</bookMarkAlertTitleBgText>
		<bookMarkAlertBodyText>disclaimerText1</bookMarkAlertBodyText>

		<!-- AddFeedback Button -->
		<shellAddFeedbackBtnText>addFeedbackLink</shellAddFeedbackBtnText>
		
		<!-- Debug Button -->
		<shellDebugBtnText>addFeedbackLink</shellDebugBtnText>
		
		<!-- Close Caption -->
		<shellCloseCaptionText>closeCaption</shellCloseCaptionText>
		
		<!-- Post Assessment Splash -->
		<paSplashText>splashContent</paSplashText>
		
		<!-- Post Assessment Question and Question Counter Text -->
		<paQuestionText>questionText</paQuestionText>
		<paQuesTabText>quesTabText</paQuesTabText>

		<!-- Post Assessment Question Reference Id Text -->
		<paPageStatus>pageStatus</paPageStatus>

		<!-- Post Assessment Feedback Title Text -->
		<paFeedbackTitleText>exitOverText1</paFeedbackTitleText>

		<!-- Post Assessment Summary Pan -->
		<paQuestionSummaryHeading>questionSummaryPanelText</paQuestionSummaryHeading>		
		<paQuestionSummaryCounterAnswered>questionAnsweredPanelText</paQuestionSummaryCounterAnswered>
		<paQuestionSummaryCounterUnanswered>questionUnAnsweredPanelText</paQuestionSummaryCounterUnanswered>
		<paQuestionSummaryCounterCurrent>questionCurrentPanelText</paQuestionSummaryCounterCurrent>
		<paQuestionSummaryPanelText>questionSummaryPanelText</paQuestionSummaryPanelText>
		<paQuestionSummaryJumpText>jumpText</paQuestionSummaryJumpText>
		<paQuestionSummaryGoText>goText</paQuestionSummaryGoText>
		<paQuestionSummaryAlertContentText>alertContentText</paQuestionSummaryAlertContentText>
		<paQuestionSummaryQuestionCompletionLevelPanelText>questionCompletionLevelPanelText</paQuestionSummaryQuestionCompletionLevelPanelText>
		<paQuestionSummaryQuestionWhiteNoPanelText>questionWhiteNoPanelText</paQuestionSummaryQuestionWhiteNoPanelText>
		<paQuestionSummaryQuestionBlackNoPanelText>questionBlackNoPanelText</paQuestionSummaryQuestionBlackNoPanelText>

		<!-- Post Assessment Result Page Instruction Text -->
		<paResultPageHeading>quesTabText</paResultPageHeading>
		<paResultPageInstructionText>instructionText</paResultPageInstructionText>
		<paResultQuestionSummaryPanelText>resultQuestionSummaryPanelText</paResultQuestionSummaryPanelText>
		<paResultOptionsCenterText>optionsCenterText</paResultOptionsCenterText>
	
		<!-- Post Assessment DDM/MTF/SEQ Question  -->
		<paDdmSeq2HeaderText>seq2HeaderText</paDdmSeq2HeaderText>
		<paDdmOptionsText>ddmOptionsText</paDdmOptionsText>
		<paDdmOptionsRightText>ddmOptionsRightText</paDdmOptionsRightText>

		<!--  MTF / DDM for displaying Your selections and Correct choice text -->
		<paMtf2HeaderTitleText>mtf2HeaderTitleText</paMtf2HeaderTitleText>

		<!-- Post Assessment MCQ/MMCQ/SEQ Question's option  -->
		<paMcqOptionText>optionsText</paMcqOptionText>
		
		<!-- Post Assessment, styles used for serial no. of option text of SEQ in the question and resule screen -->
		<paSeqOptionsSequenceText>seq2OptionsSequenceText</paSeqOptionsSequenceText>
		
		<!-- Option text color of MTF for both Question and Result screen -->
		<paMtf2OptionsText>mtf2OptionsText</paMtf2OptionsText>
		<paOptionsShadowText>optionsShadowText</paOptionsShadowText>
		<paMtf2HeaderText>mtf2HeaderText</paMtf2HeaderText>
		
			<!-- Outlines of MTF option box  -->
			<paMtf2BaseOutline>mtf2BaseOutline</paMtf2BaseOutline>
			<!-- Glow of MTF option box  -->
			<paMtf2BaseGlowOutline>mtf2BaseGlowOutline</paMtf2BaseGlowOutline>
			<!-- Base color MTF left option box -->
			<paMtf2BaseLeftColor>mtf2BaseLeftColor</paMtf2BaseLeftColor>
			<!-- Base color MTF right option box  -->
			<paMtf2BaseRightColor>mtf2BaseRightColor</paMtf2BaseRightColor>
			<!-- Base color MTF bottom (answer) option box -->
			<paMtf2BaseOptionsColor>mtf2BaseOptionsColor</paMtf2BaseOptionsColor>
			<!-- Color of circle of jointer line of both columns -->
			<paMtf2CircleColor>mtf2CircleColor</paMtf2CircleColor>
			
			<!-- Post Assessment SEQ Option text on result screen-->
			<paSeqResultOptionsText>seq2OptionsText</paSeqResultOptionsText>
		
			<!-- Outlines of SEQ option box  -->
			<paSeqBaseOutline>seq2BaseOutline</paSeqBaseOutline>
			<!-- Base color SEQ option box -->
			<paSeqBaseColor>seq2BaseColor</paSeqBaseColor>
			<!-- Glow of SEQ option box  -->
			<paSeqBaseGlowOutline>seq2BaseGlowOutline</paSeqBaseGlowOutline>
			<!-- Base color SEQ bottom (answer) option box -->
			<paSeqBaseOptionsColor>seq2BaseOptionsColor</paSeqBaseOptionsColor>

			<paLastQuestionToolTip>helpText</paLastQuestionToolTip>
			
			<!-- Styles configuration for certification module -->
			<!-- Course Menu Tool Tip on Certification page -->
			<paCertificationCourseMenuToolTip>helpText</paCertificationCourseMenuToolTip>
			<!-- heading for certification pages -->
			<CertificationPageHeadingText>quesTabText</CertificationPageHeadingText>
			<!-- Body of certification pages -->
			<CertificationPageBody>splashContent</CertificationPageBody>
			<!-- CheckBoxes Text -->
			<CertificationCheckBox>certificationCheckBoxText</CertificationCheckBox>
			<!-- Skip Alert Body Text -->
			<CertificationSkipAlertContentText>alertContentText</CertificationSkipAlertContentText>
			<!-- Decline Alert Body Text -->
			<CertificationDelineAlertContentText>alertContentText</CertificationDelineAlertContentText>
			<!-- User Information on User Input Form page -->
			<CertificationuserInformationBody>disclaimerText1</CertificationuserInformationBody>
			<!-- Style for firstLastNameInst -->
			<CertificateFirstLastNameInst>headingText</CertificateFirstLastNameInst>
			<!-- Style for Certification user input fields labels -->
			<CertificateFormLabels>certificateLabel</CertificateFormLabels>
			<!-- form validation Alert Body -->
			<CertificationFormValidationAlert>disclaimerText1</CertificationFormValidationAlert>
			
			<!-- Style for help section -->
			<helpExitInstruction>helpExitInstruction</helpExitInstruction>
			<!-- Style for exit instruction text on the top with exit link -->
			<helpExitInstruction_top>closeHelpText_top</helpExitInstruction_top>
			<!-- Style for help instruction base color -->
			<helpInstructionBaseColor>helpInstBase</helpInstructionBaseColor>
			
			<!-- Title Text  of Feedback and Note popup of frame-->
			<frTitleText>titleText</frTitleText>			

	</uiTextFormating>
</data>