<?xml version="1.0" standalone="no" ?>
<manifest identifier="Rave001" version="1.0" xmlns="http://www.imsproject.org/xsd/imscp_rootv1p1p2" xmlns:adlcp="http://www.adlnet.org/xsd/adlcp_rootv1p2" xmlns:xsi="http://www.w3.org/2001/XMLSchema-instance" xsi:schemaLocation="http://www.imsproject.org/xsd/imscp_rootv1p1p2 imscp_rootv1p1p2.xsd http://www.imsglobal.org/xsd/imsmd_rootv1p2p1 imsmd_rootv1p2p1.xsd http://www.adlnet.org/xsd/adlcp_rootv1p2 adlcp_rootv1p2.xsd">
   <metadata>
        <schema>ADL SCORM</schema>
        <schemaversion>1.2</schemaversion>
        <lom xmlns="http://www.imsglobal.org/xsd/imsmd_rootv1p2p1">
            <general>
                <description>
					<langstring xml:lang="x-none"><![CDATA[CourseOID###Rave001]]></langstring>			
					<langstring xml:lang="x-none"><![CDATA[Course Name###Rave EDC Essentials for Read-Only Users]]></langstring>
                    <langstring xml:lang="x-none"><![CDATA[Course Publish Mode###Flash Player 9 and above]]></langstring>
                    <langstring xml:lang="x-none"><![CDATA[Course Developer###Medidata Solutions ]]></langstring>
                    <langstring xml:lang="x-none"><![CDATA[Post Assessment Version###MaxGen 2.0]]></langstring>                    
                    <langstring xml:lang="x-none"><![CDATA[Post Assessment Description###MaxGen Type II Assessment]]></langstring>                   
                    <langstring xml:lang="x-none"><![CDATA[Course Packet Name###Browse_En_AS2_1.1.1_Rave_01102013.zip]]></langstring>
                    <langstring xml:lang="x-none"><![CDATA[Course File Verified By###Devashish Srivastava]]></langstring>
                </description>
            </general>
        </lom>
    </metadata>
    <organizations default="Browse">
        <organization identifier="Browse" structure="heirarchical">
            <title>Rave EDC Essentials for Read-Only Users</title>
            <item identifier="HomePage" identifierref="Browse_Users">
                <title>Rave EDC Essentials for Read-Only Users</title>
            </item>
        </organization>
    </organizations>
    <resources>
        <resource identifier="Browse_Users" type="webcontent" href="init.htm" adlcp:scormtype="sco">
            <file href="init.htm" />
        </resource>
        <resource identifier="wrapper" type="webcontent" adlcp:scormtype="asset" href="scorm_api.js">
           
			<file href="config.xml"/>
			<file href="cookies.js"/>
			<file href="curriculumConfig.xml"/>
			<file href="debugger.html"/>
			<file href="index.htm"/>
			<file href="init.htm"/>
			<file href="links.swf"/>
			<file href="popup.htm"/>
			<file href="scorm_api.js"/>
			<file href="SharedLibrary.swf"/>
			<file href="shell.swf"/>
			<file href="shellCurriculum.swf"/>
			<file href="TextComponent.swf"/>
			<file href="wrapper.swf"/>
			<file href="writeFlashObj.js"/>
			<file href="xmlParser.swf"/> 
			 
			<file href="course/Browse/En/edc_1_02.swf"/>
			<file href="course/Browse/En/edc_1_02.xml"/>
			<file href="course/Browse/En/edc_1_03.swf"/>
			<file href="course/Browse/En/edc_1_03.xml"/>
			<file href="course/Browse/En/edc_1_04.swf"/>
			<file href="course/Browse/En/edc_1_04.xml"/>
			<file href="course/Browse/En/edc_1_05.swf"/>
			<file href="course/Browse/En/edc_1_05.xml"/>
			<file href="course/Browse/En/edc_1_06.swf"/>
			<file href="course/Browse/En/edc_1_06.xml"/>
			<file href="course/Browse/En/edc_1_07.swf"/>
			<file href="course/Browse/En/edc_1_07.xml"/>
			<file href="course/Browse/En/edc_1_11.swf"/>
			<file href="course/Browse/En/edc_1_11.xml"/>
			<file href="course/Browse/En/edc_1_br_01.swf"/>
			<file href="course/Browse/En/edc_1_br_01.xml"/>
			<file href="course/Browse/En/edc_1_br_08.swf"/>
			<file href="course/Browse/En/edc_1_br_08.xml"/>
			<file href="course/Browse/En/edc_1_br_09.swf"/>
			<file href="course/Browse/En/edc_1_br_09.xml"/>
			<file href="course/Browse/En/edc_1_br_10.swf"/>
			<file href="course/Browse/En/edc_1_br_10.xml"/>
			<file href="course/Browse/En/edc_1_br_11.swf"/>
			<file href="course/Browse/En/edc_1_br_11.xml"/>
			<file href="course/Browse/En/edc_1_br_12.swf"/>
			<file href="course/Browse/En/edc_1_br_12.xml"/>
			<file href="course/Browse/En/edc_1_br_14.swf"/>
			<file href="course/Browse/En/edc_1_br_14.xml"/>
			<file href="course/Browse/En/edc_1_br_15.swf"/>
			<file href="course/Browse/En/edc_1_br_15.xml"/>
			<file href="course/Browse/En/edc_1_br_17.swf"/>
			<file href="course/Browse/En/edc_1_br_17.xml"/>
			<file href="course/Browse/En/edc_2_br_01.swf"/>
			<file href="course/Browse/En/edc_2_br_01.xml"/>
			<file href="course/Browse/En/edc_2_br_02.swf"/>
			<file href="course/Browse/En/edc_2_br_02.xml"/>
			<file href="course/Browse/En/edc_2_br_03.swf"/>
			<file href="course/Browse/En/edc_2_br_03.xml"/>
			<file href="course/Browse/En/edc_2_br_04.swf"/>
			<file href="course/Browse/En/edc_2_br_04.xml"/>
			<file href="course/Browse/En/edc_2_br_05.swf"/>
			<file href="course/Browse/En/edc_2_br_05.xml"/>
			<file href="course/Browse/En/edc_2_br_07.swf"/>
			<file href="course/Browse/En/edc_2_br_07.xml"/>
			<file href="course/Browse/En/edc_2_br_08.swf"/>
			<file href="course/Browse/En/edc_2_br_08.xml"/>
			<file href="course/Browse/En/edc_2_br_09.swf"/>
			<file href="course/Browse/En/edc_2_br_09.xml"/>
			<file href="course/Browse/En/edc_2_br_10.swf"/>
			<file href="course/Browse/En/edc_2_br_10.xml"/>
			<file href="course/Browse/En/edc_2_br_11.swf"/>
			<file href="course/Browse/En/edc_2_br_11.xml"/>
			<file href="course/Browse/En/edc_2_cra_05.swf"/>
			<file href="course/Browse/En/edc_2_cra_05.xml"/>
			<file href="course/Browse/En/edc_3_br_01.swf"/>
			<file href="course/Browse/En/edc_3_br_01.xml"/>
			<file href="course/Browse/En/edc_3_br_02.swf"/>
			<file href="course/Browse/En/edc_3_br_02.xml"/>
			<file href="course/Browse/En/edc_3_br_03.swf"/>
			<file href="course/Browse/En/edc_3_br_03.xml"/>
			<file href="course/Browse/En/edc_3_br_04.swf"/>
			<file href="course/Browse/En/edc_3_br_04.xml"/>
			<file href="course/Browse/En/edc_3_br_07.swf"/>
			<file href="course/Browse/En/edc_3_br_07.xml"/>
			<file href="course/Browse/En/edc_3_cra_05.swf"/>
			<file href="course/Browse/En/edc_3_cra_05.xml"/>
			<file href="course/Browse/En/edc_3_cra_06.swf"/>
			<file href="course/Browse/En/edc_3_cra_06.xml"/>
			<file href="course/Browse/En/edc_3_cra_07.swf"/>
			<file href="course/Browse/En/edc_3_cra_07.xml"/>
			<file href="course/Browse/En/gs_01.swf"/>
			<file href="course/Browse/En/gs_01.xml"/>
			<file href="course/Browse/En/gs_02.swf"/>
			<file href="course/Browse/En/gs_02.xml"/>
			<file href="course/Browse/En/gs_03.swf"/>
			<file href="course/Browse/En/gs_03.xml"/>
			<file href="course/Browse/En/gs_04.swf"/>
			<file href="course/Browse/En/gs_04.xml"/>
			<file href="course/Browse/En/pa_01.swf"/>
			<file href="course/Browse/En/pa_01.xml"/>
			<file href="course/Browse/En/pa_02.swf"/>
			<file href="course/Browse/En/pa_02.xml"/>
			<file href="course/Browse/En/pa_03.swf"/>
			<file href="course/Browse/En/pa_03.xml"/>
			<file href="course/Browse/En/pa_04.swf"/>
			<file href="course/Browse/En/pa_04.xml"/>
			<file href="course/Browse/En/PostAssessment.swf"/>
			<file href="course/Browse/En/PostAssessment.xml"/>
			<file href="course/Browse/En/PostAssessment_Image.png"/>
			<file href="course/Browse/En/Welcome.swf"/>
			<file href="course/Browse/En/Welcome.xml"/>
			 
			<file href="course/Browse/En/resources/popup.htm"/>
			<file href="course/Browse/En/resources/copyright.swf"/>
			 
			<file href="course/Browse/En/review/bg_02.jpg"/>
			<file href="course/Browse/En/review/feedback_bg_01.jpg"/>
			<file href="course/Browse/En/review/feedback_bg_02.jpg"/>
			<file href="course/Browse/En/review/feedback_form.htm"/>
			 
			<file href="course/Browse/En/UI_assets/center_03.jpg"/>
			<file href="course/Browse/En/UI_assets/certificate.swf"/>
			<file href="course/Browse/En/UI_assets/Certification_EULA.html"/>
			<file href="course/Browse/En/UI_assets/certification_logo.png"/>
			<file href="course/Browse/En/UI_assets/corner_01.jpg"/>
			<file href="course/Browse/En/UI_assets/corner_02.jpg"/>
			<file href="course/Browse/En/UI_assets/footer.jpg"/>
			<file href="course/Browse/En/UI_assets/header.png"/>
			<file href="course/Browse/En/UI_assets/help.swf"/>
			<file href="course/Browse/En/UI_assets/html_logo.jpg"/>
			<file href="course/Browse/En/UI_assets/icon.swf"/>
			<file href="course/Browse/En/UI_assets/iconReview.swf"/>
			<file href="course/Browse/En/UI_assets/intro.swf"/>
			<file href="course/Browse/En/UI_assets/logo.png"/>
			<file href="course/Browse/En/UI_assets/menuIcon.swf"/>
			<file href="course/Browse/En/UI_assets/spacer.gif"/>
			<file href="course/Browse/En/UI_assets/transbody.html"/>
			<file href="course/Browse/En/UI_assets/transcript.html"/>
			<file href="course/Browse/En/UI_assets/transcrip_bg1.jpg"/>
			<file href="course/Browse/En/UI_assets/transheader.html"/>
			 
			<file href="course/Browse/En/XML/global_languageData.xml"/>
			<file href="course/Browse/En/XML/helpXml.xml"/>
			<file href="course/Browse/En/XML/languageData.xml"/>
			<file href="course/Browse/En/XML/menu.xml"/>
			<file href="course/Browse/En/XML/resources.xml"/>
			<file href="course/Browse/En/XML/styles.css"/>
			<file href="course/Browse/En/XML/transcript.xml"/>
			<file href="course/Browse/En/XML/ui.xml"/>
 
        </resource>
    </resources>
</manifest>
